4W REGULER,ADM D26 G-PART,ROBOT WELDING,FD-B6
4W REGULER,ADM D26 G-PART,MIG WELDING,YD 350S
4W REGULER,ADM D26 G-PART,ROBOT WELDING,FD-B6
4W REGULER,ADM D26 PP MBR,ROBOT WELDING,FD-B6
4W REGULER,ADM D26 PP MBR,ROBOT WELDING,FD-B6
4W REGULER,ADM D26 PP MBR,ROBOT WELDING,FD-B6
4W REGULER,ADM D26 PP MBR,ROBOT WELDING,FD-B6
4W REGULER,ADM D26 PP MBR,ROBOT WELDING,FD-B6
4W REGULER,ADM D26 PP MBR,ROBOT WELDING,FD-B6
4W REGULER,ADM D26 PP MBR,ROBOT WELDING,FD-B6
4W REGULER,ADM D26 PP MBR,ROBOT WELDING,FD-B6L
4W REGULER,ADM D26 PP MBR,ROBOT WELDING,FD-B6L
4W REGULER,ADM D26 PP MBR,ROBOT WELDING,FD-B6
4W REGULER,ADM D26 PP MBR,ROBOT WELDING,FD-B6
4W REGULER,ADM D26 PP MBR,ROBOT WELDING,FD-V6
4W REGULER,ADM D26 PP MBR,MIG WELDING,XD350S
4W REGULER,ADM D26 PP MBR,MIG WELDING,XD350S
4W REGULER,ADM D26 PP MBR,MIG WELDING,KRII350
4W REGULER,ADM D26 ROBOT SPOT,ROBOT SPOT,SRA 166-01
4W REGULER,ADM D26 ROBOT SPOT,ROBOT SPOT,SRA 166-01
4W REGULER,ADM D26 SPOT MANUAL,SPOT WELDING,
4W REGULER,ADM D26 SPOT MANUAL,SPOT WELDING,
4W REGULER,ADM D26 SPOT MANUAL,SPOT WELDING,
4W REGULER,ADM D26 SPOT MANUAL,SPOT WELDING,
4W REGULER,ADM D26 SPOT MANUAL,SPOT WELDING,
4W REGULER,ADM D26 SPOT MANUAL,SPOT WELDING,
4W REGULER,ADM D26 SPOT MANUAL,SPOT WELDING,
4W REGULER,ADM D40L G-PART,ROBOT WELDING,FD-B6
4W REGULER,ADM D40L G-PART,ROBOT WELDING,TA 1400
4W REGULER,ADM PP MEMBER D40/72,ROBOT WELDING,FD-B6
4W REGULER,ADM PP MEMBER D40/72,ROBOT WELDING,FD-B6
4W REGULER,ADM PP MEMBER D40/72,MIG WELDING,XD350S
4W REGULER,ADM PP MEMBER D40/72 ,ROBOT WELDING,FD-B6
4W REGULER,ADM PP MEMBER D40/72 ,ROBOT WELDING,FD-B6
4W REGULER,ADM PP MEMBER D40/72 ,ROBOT WELDING,TM 1400 GIII
4W REGULER,ADM PP MEMBER D40/72 ,ROBOT WELDING,AII-V6
4W REGULER,ADM PP MEMBER D55,MIG WELDING,XD350S
4W REGULER,ADM PP MEMBER D55,ROBOT WELDING,FD-B4
4W REGULER,ADM PP MEMBER D55,ROBOT WELDING,FD-B4
4W REGULER,ADM PP MEMBER D55,ROBOT WELDING,FD-B4
4W REGULER,ADM PUNCHING,AUTO PUNCHING,50TMRE
4W REGULER,ADM PUNCHING,AUTO PUNCHING,50TMRE
4W REGULER,ADM PUNCHING,AUTO PUNCHING,50TMRE
"4W REGULER,""LINE SPOT PP MEMBER D26,D14,D74"",SPOT WELDING,"
"4W REGULER,""LINE SPOT PP MEMBER D26,D14,D74"",SPOT WELDING,"
"4W REGULER,""LINE SPOT PP MEMBER D26,D14,D74"",SPOT WELDING,"
"4W REGULER,""LINE SPOT PP MEMBER D26,D14,D74"",SPOT WELDING,"
"4W REGULER,""LINE SPOT PP MEMBER D26,D14,D74"",SPOT WELDING,"
"4W REGULER,""LINE SPOT PP MEMBER D26,D14,D74"",FEEDER,"
"4W REGULER,""LINE SPOT PP MEMBER D26,D14,D74"",FEEDER,"
"4W REGULER,""LINE SPOT PP MEMBER D26,D14,D74"",FEEDER,"
4W REGULER,ADM SPOT WELDING G-PART,SPOT WELDING,NDZ-035
4W REGULER,ADM SPOT WELDING G-PART,SPOT WELDING,A500
4W REGULER,ADM SPOT WELDING G-PART,SPOT WELDING,NDZ-035
4W REGULER,ADM SPOT WELDING G-PART,SPOT WELDING,NDZ-050
4W REGULER,ADM SPOT WELDING G-PART,SPOT WELDING,NDZ-050
4W REGULER,ADM SPOT WELDING G-PART,SPOT WELDING,NDZ-035
4W REGULER,ADM SPOT WELDING G-PART,SPOT WELDING,
4W REGULER,ADM SPOT WELDING G-PART,FEEDER,
4W REGULER,ADM SPOT WELDING G-PART,FEEDER,
4W REGULER,ADM WELDING APRON D17&D14,ROBOT HANDLING,MC20-01
4W REGULER,ADM WELDING APRON D17&D14,ROBOT HANDLING,MC20-01
4W REGULER,ADM WELDING APRON D17&D14,SPOT WELDING,
4W REGULER,ADM WELDING APRON D17&D14,SPOT WELDING,
"4W REGULER,""LINE SPOT PP MEMBER D30,D40,D55"",SPOT WELDING,"
"4W REGULER,""LINE SPOT PP MEMBER D30,D40,D55"",SPOT WELDING,"
"4W REGULER,""LINE SPOT PP MEMBER D30,D40,D55"",SPOT WELDING,"
"4W REGULER,""LINE SPOT PP MEMBER D30,D40,D55"",SPOT WELDING,"
"4W REGULER,""LINE SPOT PP MEMBER D30,D40,D55"",SPOT WELDING,"
"4W REGULER,""LINE SPOT PP MEMBER D30,D40,D55"",SPOT WELDING,"
"4W REGULER,""LINE SPOT PP MEMBER D30,D40,D55"",FEEDER,"
"4W REGULER,""LINE SPOT PP MEMBER D30,D40,D55"",FEEDER,"
"4W REGULER,""LINE SPOT PP MEMBER D30,D40,D55"",FEEDER,"
"4W REGULER,""LINE SPOT PP MEMBER D30,D40,D55"",FEEDER,"
4W REGULER,ADM WELDING G-PART D30,ROBOT WELDING,AII-V6
4W REGULER,ADM WELDING G-PART D30,ROBOT WELDING,TM-1400-GIII
4W REGULER,ADM WELDING G-PART D30,ROBOT WELDING,TM-1400-GIII
4W REGULER,ADM WELDING G-PART D30,MIG WELDING,
4W REGULER,ADM WELDING G-PART D30,MIG WELDING,
4W REGULER,ADM WELDING PP MEMBER D14,ROBOT WELDING,FD-V6
4W REGULER,ADM WELDING PP MEMBER D14,ROBOT WELDING,FD-V6
4W REGULER,ADM WELDING PP MEMBER D14,ROBOT WELDING,FD-B6
4W REGULER,ADM WELDING PP MEMBER D14,ROBOT WELDING,FD-B6
4W REGULER,ADM WELDING PP MEMBER D14,MIG WELDING,XD350S
4W REGULER,ADM WELDING PP MEMBER D30,MIG WELDING,XD350S
4W REGULER,ADM WELDING PP MEMBER D30,ROBOT WELDING,AII-V6
4W REGULER,ADM WELDING PP MEMBER D30,ROBOT WELDING,AII-V6
4W REGULER,ADM WELDING PP MEMBER D30,ROBOT WELDING,AII-V6
4W REGULER,ADM WELDING PP MEMBER D30,ROBOT WELDING,FD-V6
4W REGULER,ADM WELDING PP MEMBER D30,ROBOT WELDING,FD-V6
4W REGULER,ADM WELDING RADIATOR LOWER,ROBOT SPOT,BX200L
4W REGULER,ADM WELDING RADIATOR LOWER,ROBOT SPOT,SRA 166-01
4W REGULER,ADM WELDING RADIATOR LOWER,SPOT WELDING,
4W REGULER,ASSY HOOD LOCK,CLINCHING,
4W REGULER,ASSY HOOD LOCK,FINAL CHECKER,
4W REGULER,BIG PRESS-GPART,CRANE HOIST,5 TON
4W REGULER,BIG PRESS-GPART,MESIN PRESS,300T
4W REGULER,BIG PRESS-GPART,MESIN PRESS,250T
4W REGULER,BIG PRESS-GPART,MESIN PRESS,250T
4W REGULER,STAMPING OTHERS,FEEDER + COIL CAR CF 300,
4W REGULER,BUDOMARI,CRANE HOIST,5 TON
4W REGULER,BUDOMARI,MESIN PRESS,300T
4W REGULER,BUDOMARI,MESIN PRESS,300T
4W REGULER,BUDOMARI,MESIN PRESS,500T
4W REGULER,BUDOMARI,MESIN PRESS,1200T
4W REGULER,BUDOMARI,MESIN PRESS,630T
4W REGULER,DIESHOP,MILLING,
4W REGULER,DIESHOP,BENCHSAW,MH-1016JAM
4W REGULER,DIESHOP,DRILLINGMILLING,
4W REGULER,DIESHOP,LATHE,LA 530 X 1100
4W REGULER,DIESHOP,SURFACE GRIND,500X1000
4W REGULER,DIESHOP,RADIAL GRINDING,ZQ 3040X
4W REGULER,DIESHOP,MESIN PRESS,200T
4W REGULER,HPM T86 PP MBR,MIG WELDING,DM350
4W REGULER,HPM T86 PP MBR,ROBOT WELDING,FD-V6
4W REGULER,HPM T86 PP MBR,ROBOT WELDING,FD-B6L
4W REGULER,HPM T86 PP MBR,ROBOT WELDING,FD-B6L
4W REGULER,HPM T86 PP MBR,ROBOT WELDING,FD-B6
4W REGULER,HPM T86 PP MBR,ROBOT SPOT,
4W REGULER,HPM T86 PP MBR,ROBOT WELDING,TM-1400 GIII
4W REGULER,HPM T86 PP MBR,ROBOT WELDING,TM-1400 GIII
4W REGULER,HPM T86 PP MBR,ROBOT WELDING,TM-1400 GIII
4W REGULER,HPM T86 PP MBR,ROBOT WELDING,TA-1400
4W REGULER,HPM T86 PP MBR,ROBOT WELDING,TM-1400 GIII
4W REGULER,HPM T86 PP MBR,ROBOT WELDING,TM-1400 GIII
4W REGULER,SUZUKI Y4L,DRILING,
4W REGULER,SUZUKI Y4L,DRILING,
4W REGULER,SUZUKI Y4L,DRILING,
4W REGULER,SUZUKI Y4L,DRILING,
4W REGULER,ADM TE7X ASSY HOOD LOCK,PRESS RIVETING,
4W REGULER,ADM TE7X ASSY HOOD LOCK,CLINCHING,
4W REGULER,ADM TE7X ASSY HOOD LOCK,CLINCHING,
4W REGULER,ADM TE7X ASSY HOOD LOCK,SPOT WELDING,
4W REGULER,HPM WELDING SUB / ASSY,ROBOT WELDING,AII-V6
4W REGULER,HPM WELDING SUB / ASSY,ROBOT WELDING,TA 1400
4W REGULER,HPM WELDING SUB / ASSY,ROBOT WELDING,TA 1400
4W REGULER,INSULATOR HEAT,CRANE HOIST,7.5 TON
4W REGULER,INSULATOR HEAT,MESIN PRESS,200T
4W REGULER,INSULATOR HEAT,MESIN PRESS,200T
4W REGULER,INSULATOR HEAT,MESIN PRESS,200T
4W REGULER,INSULATOR HEAT,MESIN PRESS,200T
4W REGULER,INSULATOR HEAT,MESIN PRESS,160T
4W REGULER,INSULATOR HEAT,MESIN PRESS,160T
4W REGULER,INSULATOR HEAT,HIDROLIK PRESS,40 TON
4W REGULER,INSULATOR HEAT,HIDROLIK PRESS,20 TON
4W REGULER,LASER CUTTING,CRANE HOIST,7.5 TON
4W REGULER,LASER CUTTING,LASER CUTTING,TF65.0
4W REGULER,LASER CUTTING,LASER CUTTING,
4W REGULER,LASER CUTTING,LASER CUTTING,
4W REGULER,MKM,BENDING,75TNCB
4W REGULER,MKM,ROBOT WELDING,TA-1400
4W REGULER,MKM,ROBOT WELDING,TA-1400
4W REGULER,MKM,MIG WELDING,DM350
4W REGULER,MKM,ROBOT WELDING,TA-1400
4W REGULER,MKM,ROBOT WELDING,TM-1400 GIII
4W REGULER,MKM,ROBOT WELDING,TA-1400
4W REGULER,MKM,DRILLING,250
4W REGULER,MULTI DRILING,AUTO DRILLING,
4W REGULER,MULTI DRILING,AUTO DRILLING,
4W REGULER,MULTI DRILING,AUTO DRILLING,
4W REGULER,STAMPING BLANKING,MESIN PRESS,200T
4W REGULER,STAMPING BLANKING,MESIN PRESS,200T
4W REGULER,STAMPING OTHER,CRANE HOIST,20 TON
4W REGULER,STAMPING OTHER,MESIN PRESS,160T
4W REGULER,STAMPING OTHER,MESIN PRESS,160T
4W REGULER,STAMPING OTHER,MESIN PRESS,160T
4W REGULER,STAMPING OTHER,MESIN PRESS,160T
4W REGULER,STAMPING OTHER,MESIN PRESS,150T
4W REGULER,STAMPING OTHER,MESIN PRESS,250T
4W REGULER,STAMPING OTHER,MESIN PRESS,110T
4W REGULER,STAMPING OTHER,MESIN PRESS,110T
4W REGULER,STAMPING OTHERS,FEEDER + COIL CAR AIDA 250,
4W REGULER,STAMPING OTHER,FEEDER + COIL CAR AIDA 630,
4W REGULER,STAMPING OTHER,FEEDER + COIL CAR FUKUI,
4W REGULER,STAMPING OTHER,MESIN PRESS,110T
4W REGULER,STAMPING OTHER,MESIN PRESS,110T
4W REGULER,STAMPING OTHER,MESIN PRESS,110T
4W REGULER,STAMPING OTHER,MESIN PRESS,80T
4W REGULER,STAMPING OTHER,MESIN PRESS,80T
4W REGULER,STAMPING OTHER,MESIN PRESS,60T
4W REGULER,STAMPING OTHER,MESIN PRESS,110T
4W REGULER,STAMPING OTHER,MESIN PRESS,160T
4W REGULER,STAMPING OTHER,MESIN PRESS,160T
4W REGULER,STAMPING OTHER,MESIN PRESS,150T
4W REGULER,STAMPING OTHER,MESIN PRESS,150T
4W REGULER,STAMPING OTHER,CRANE HOIST,
4W REGULER,STAMPING OTHER,MESIN PRESS,300T
4W REGULER,STAMPING OTHER,MESIN PRESS,250T
4W REGULER,STAMPING OTHER,MESIN PRESS,200T
4W REGULER,STAMPING OTHER,MESIN PRESS,200T
4W REGULER,STAMPING OTHER,MESIN PRESS,250T
4W REGULER,STAMPING OTHER,MESIN PRESS,250T
4W REGULER,STAMPING OTHER,MESIN PRESS,200T
4W REGULER,STAMPING OTHER,MESIN PRESS,160T
"4W REGULER,""LOCK ASSY HOOD T86,3M0A,3K6A"",FUNCTION CHECKING,"
"4W REGULER,""LOCK ASSY HOOD T86,3M0A,3K6A"",RIVETING,"
"4W REGULER,""LOCK ASSY HOOD T86,3M0A,3K6A"",CLINCING,"
"4W REGULER,""LOCK ASSY HOOD T86,3M0A,3K6A"",PANEL CLINCING,"
4W REGULER,STAMPING SEYI BARU,MESIN PRESS,300T
4W REGULER,STAMPING SEYI BARU,MESIN PRESS,300T
4W REGULER,STAMPING SEYI BARU,MESIN PRESS,300T
4W REGULER,STAMPING SEYI BARU,MESIN PRESS,300T
4W REGULER,STAMPING SEYI BARU,MESIN PRESS,500T
4W REGULER,SPOT NUT WELD HPM-SUZUKI,SPOT WELDING,
4W REGULER,SPOT NUT WELD HPM-SUZUKI,FEEDER,
4W REGULER,SPOT NUT WELD HPM-SUZUKI,FEEDER,
4W REGULER,SPOT NUT WELD HPM-SUZUKI,SPOT WELDING,
4W REGULER,SPOT NUT WELD HPM-SUZUKI,SPOT WELDING,
4W REGULER,SPOT NUT WELD HPM-SUZUKI,SPOT WELDING,
4W REGULER,SPOT NUT WELD HPM-SUZUKI,SPOT WELDING,
4W REGULER,SUZUKI COMP STEERING SUPPORT,MIG WELDING,XD350S
4W REGULER,SUZUKI COMP STEERING SUPPORT,ROBOT WELDING,TA-1400
4W REGULER,SUZUKI COMP STEERING SUPPORT,ROBOT WELDING,FD-B6
4W REGULER,SUZUKI COMP STEERING SUPPORT,MIG WELDING,XD350S
4W REGULER,SUZUKI COMP STEERING SUPPORT,ROBOT WELDING,FD-B6
4W REGULER,SUZUKI COMP STEERING SUPPORT,ROBOT WELDING,FD-B6
4W REGULER,SUZUKI COMP STEERING SUPPORT,ROBOT WELDING,TM-1400GIII
4W REGULER,SUZUKI CROSS MEMBER COMP SPARE TIRE,ROBOT WELDING,TM 1400 GIII
4W REGULER,SUZUKI CROSS MEMBER COMP TAIL,ROBOT WELDING,TM 1400 GIII
4W REGULER,SUZUKI MEMBER LEAF HANGER,ROBOT WELDING,TM-1400 GIII
4W REGULER,SUZUKI MEMBER LEAF HANGER,ROBOT WELDING,TM-1400 GIII
4W REGULER,SUZUKI MEMBER LEAF HANGER,MIG WELDING,XD 350S
4W REGULER,SUZUKI MEMBER LEAF HANGER,ROBOT WELDING,TM-1400 GIII
4W REGULER,SUZUKI MEMBER LEAF HANGER,ROBOT SPOT,
4W REGULER,SUZUKI MEMBER LEAF HANGER,ROBOT WELDING,TM-1400 GIII
4W REGULER,SUZUKI SPOT WELDING YHA PANEL COMP,SPOT WELDING,NDZ-050
4W REGULER,SUZUKI SPOT WELDING YHA PANEL COMP,SPOT WELDING,NDZ-050
4W REGULER,SUZUKI SPOT WELDING YHA PANEL COMP,SPOT WELDING,NDZ-050
4W REGULER,ADM WELDING PPM ADM D74,ROBOT WELDING,FD-B6
4W REGULER,ADM WELDING PPM ADM D74,ROBOT WELDING,FD-B6
4W REGULER,ADM WELDING PPM ADM D74,ROBOT WELDING,FD-B6
4W REGULER,ADM WELDING PPM ADM D74,ROBOT WELDING,FD-B6
4W REGULER,ADM WELDING PPM ADM D74,ROBOT WELDING,FD-B6
4W REGULER,ADM WELDING PPM ADM D74,ROBOT WELDING,FD-B6
4W REGULER,ADM WELDING PPM ADM D74,MIG WELDING,XD350S
4W REGULER,STAMPNG OTHERS SEYI BARU,MC PRESS,
4W REGULER,STAMPNG OTHERS SEYI BARU,MC PRESS,
4W REGULER,STAMPNG OTHERS SEYI BARU,MC PRESS,
4W REGULER,STAMPNG OTHERS SEYI BARU,MC PRESS,
4W REGULER,STAMPNG OTHERS SEYI BARU,MC PRESS,
4W REGULER,HPM BRIO DAN BRV,ROBOT WELDING,
4W REGULER,HPM BRIO DAN BRV,ROTARY WELDING,
4W REGULER,HPM BRIO DAN BRV,MIG WELDING,
4W REGULER,HPM BRIO DAN BRV,ROBOT WELDING,
4W REGULER,HPM BRIO DAN BRV,ROBOT WELDING,
4W REGULER,HPM BRIO DAN BRV,ROBOT WELDING,
4W REGULER,HPM BRIO DAN BRV,ROBOT WELDING,
4W REGULER,HPM BRIO DAN BRV,ROBOT WELDING,
4W REGULER,SPOT GUNTRY SUZUKI,SPOT GUNTRY,
2W MUFFLER,K1AL MUFFLER JALUR 1,VERTIKAL MIG TAG WELDING,XD350S
2W MUFFLER,K1AL MUFFLER JALUR 1,HIDROLIK PRESS,CUTTING 20T
2W MUFFLER,K1AL MUFFLER JALUR 1,VERTIKAL TIG TAG WELDING,ACCUTIG 300P
2W MUFFLER,K1AL MUFFLER JALUR 1,ROLL BODY OUTER,XD350S
2W MUFFLER,K1AL MUFFLER JALUR 1,VERTIKAL MIG TAG WELDING,XD350S
2W MUFFLER,K1AL MUFFLER JALUR 1,ROTARY WELDING,XD350S
2W MUFFLER,K1AL MUFFLER JALUR 1,ROBOT WELDING,FD-B6
2W MUFFLER,K1AL MUFFLER JALUR 1,ROBOT WELDING,FD-B6
2W MUFFLER,K1AL MUFFLER JALUR 1,ROBOT WELDING,FD-B6
2W MUFFLER,K1AL MUFFLER JALUR 1,HIDROLIK PRESS,FLATTENING 20T
2W MUFFLER,K1AL MUFFLER JALUR 1,CONVEYOR,SPM
2W MUFFLER,K1AL MUFFLER JALUR 1,CONVEYOR,SPM
2W MUFFLER,K1AL MUFFLER JALUR 1,ROTARY WELDING,XD350S
2W MUFFLER,K1AL MUFFLER JALUR 1,ROTARY WELDING,XD350S
2W MUFFLER,K1AL MUFFLER JALUR 1,VERTIKAL MIG TAG WELDING,XD350S
2W MUFFLER,K1AL MUFFLER JALUR 1,LASSER NUMBERING,
2W MUFFLER,K1AL MUFFLER JALUR 1,ROBOT WELDING,FD-B6
2W MUFFLER,K1AL MUFFLER JALUR 1,ROBOT WELDING,FD-B6
2W MUFFLER,K1AL MUFFLER JALUR 1,EXTERNAL CONTROL ,SPM
2W MUFFLER,K1AL MUFFLER JALUR 1,LEAK TEST,SPM
2W MUFFLER,K1AL MUFFLER JALUR 1,MIG WELDING,XD350S
2W MUFFLER,K1AL MUFFLER JALUR 1,MIG WELDING,XD350S
2W MUFFLER,K1AL MUFFLER JALUR 1,MIG WELDING,XD350S
2W MUFFLER,K1AL MUFFLER JALUR 1,ROBOT WELDING,FD-B6
2W MUFFLER,K1AL MUFFLER JALUR 1,ROBOT WELDING,FD-B6
2W MUFFLER,K1AL MUFFLER JALUR 2,EXPAND,
2W MUFFLER,K1AL MUFFLER JALUR 2,BENDING,CSM50TDRE
2W MUFFLER,K1AL MUFFLER JALUR 2,BENDING,CSM38TDRE
2W MUFFLER,K1AL MUFFLER JALUR 2,EXPAND,
2W MUFFLER,K1AL MUFFLER JALUR 2,EXPAND-SAW,
2W MUFFLER,K1AL MUFFLER JALUR 2,EXPAND-SAW,
2W MUFFLER,K1AL MUFFLER JALUR 2,EXTERNAL CONTROL ,
2W MUFFLER,K1AL MUFFLER JALUR 2,HIDROLIK PRESS,FLATENING 20 TON
2W MUFFLER,K1AL MUFFLER JALUR 2,ROLL BODY OUTER,
2W MUFFLER,K1AL MUFFLER JALUR 2,VERTIKAL MIG TAG WELDING,
2W MUFFLER,K1AL MUFFLER JALUR 2,ROTARY WELDING,
2W MUFFLER,K1AL MUFFLER JALUR 2,ROBOT WELDING,FD-B6
2W MUFFLER,K1AL MUFFLER JALUR 2,ROBOT WELDING,FD-B6
2W MUFFLER,K1AL MUFFLER JALUR 2,ROBOT WELDING,FD-B6
2W MUFFLER,K1AL MUFFLER JALUR 2,CONVEYOR,
2W MUFFLER,K1AL MUFFLER JALUR 2,HIDROLIK PRESS,CUTTING 20 TON
2W MUFFLER,K1AL MUFFLER JALUR 2,CONVEYOR,
2W MUFFLER,K1AL MUFFLER JALUR 2,ROTARY WELDING,
2W MUFFLER,K1AL MUFFLER JALUR 2,VERTIKAL TIG TAG WELDING,
2W MUFFLER,K1AL MUFFLER JALUR 2,ROBOT WELDING,FD-B6
2W MUFFLER,K1AL MUFFLER JALUR 2,ROBOT WELDING,FD-B6
2W MUFFLER,K1AL MUFFLER JALUR 2,TIG WELDING,ACCUTIG 300P
2W MUFFLER,K1AL MUFFLER JALUR 2,MIG WELDING,
2W MUFFLER,K1AL MUFFLER JALUR 2,MIG WELDING,
2W MUFFLER,K1AL MUFFLER JALUR 2,LEAK TEST,
2W MUFFLER,K1AL MUFFLER JALUR 2,LASSER NUMBERING,
2W MUFFLER,K3V MUFFLER,ROTARY WELDING,DOUBLE SPINDLE
2W MUFFLER,K3V MUFFLER,ROTARY WELDING,DOUBLE SPINDLE
2W MUFFLER,K3V MUFFLER,VERTICAL DRILLINGMACHINE,
2W MUFFLER,K3V MUFFLER,ROBOT WELDING,FD-B6
2W MUFFLER,K3V MUFFLER,HIDROLIK PRESS,20 TON
2W MUFFLER,K3V MUFFLER,ROTARY WELDING,DOUBLE SPINDLE
2W MUFFLER,K3V MUFFLER,VERTICAL POSITIONER TACK WELD,
2W MUFFLER,K3V MUFFLER,ROTARY WELDING,DOUBLE SPINDLE
2W MUFFLER,K3V MUFFLER,HIDROLIK PRESS,20 TON
2W MUFFLER,K3V MUFFLER,HIDROLIK PRESS,40 TON
2W MUFFLER,K3V MUFFLER,HIDROLIK PRESS,40 TON
2W MUFFLER,K3V MUFFLER,HORISONTAL TIG WELDING,ACCUTIG 300P
2W MUFFLER,K3V MUFFLER,VERTICAL POSITIONER TACK WELD,
2W MUFFLER,K3V MUFFLER,VERTICAL ASSY GLASS WOOL,
2W MUFFLER,K3V MUFFLER,ROTARY WELDING,
2W MUFFLER,K3V MUFFLER,ROBOT WELDING,FD-B6
2W MUFFLER,K3V MUFFLER,ROBOT WELDING,FD-B6
2W MUFFLER,K3V MUFFLER,ROBOT WELDING,FD-B6
2W MUFFLER,K3V MUFFLER,ROBOT WELDING,FD-B6
2W MUFFLER,K3V MUFFLER,TIG WELDING,ACCUTIG 300P
2W MUFFLER,K3V MUFFLER,MIG WELDING,XD350SII
2W MUFFLER,K3V MUFFLER,MIG WELDING,XD350SII
2W MUFFLER,K1AL MUFFLER JALUR 1,LEAK TEST,
2W MUFFLER,K3V MUFFLER,LEAK TEST,
2W MUFFLER,K3V MUFFLER,CONVEYOR,
2W MUFFLER,K3V MUFFLER,CONVEYOR,
2W MUFFLER,K2FA MUFFLER (2),ROBOT WELDING,FD-V8
2W MUFFLER,K2FA MUFFLER (2),VERTICAL TACK WELDING,XD350
2W MUFFLER,K2FA MUFFLER (2),ROBOT WELDING,AII-V6
2W MUFFLER,K2FA MUFFLER (2),ROBOT WELDING,FD-V8
2W MUFFLER,K2FA MUFFLER (2),ROBOT WELDING,FD-V8
2W MUFFLER,K2FA MUFFLER (2),ROBOT WELDING,FD-V8
2W MUFFLER,K2FA MUFFLER (2),ROBOT WELDING,FD-V8
2W MUFFLER,K2FA MUFFLER (2),ROTARY WELDING,XD350
2W MUFFLER,K2FA MUFFLER (2),VERTICAL TACK WELDING,
2W MUFFLER,K2FA MUFFLER (2),ROTARY WELDING,XD350
2W MUFFLER,K2FA MUFFLER (2),VERTICAL TIG TACK WELDING,
2W MUFFLER,K2FA MUFFLER (2),CIRCULAR SAW,
2W MUFFLER,K2FA MUFFLER (2),ROTARY WELDING,DOUBLE TORCH
2W MUFFLER,K2FA MUFFLER (2),EXPAND,
2W MUFFLER,K2FA MUFFLER (2),EXPAND,
2W MUFFLER,K2FA MUFFLER (2),BENDING,38TDRE
2W MUFFLER,K2FA MUFFLER (2),BENDING,38TDRE
2W MUFFLER,K2FA MUFFLER (2),BENDING,SOCO
2W MUFFLER,K2FP MUFFLER,ROBOT WELDING,FD-V8
2W MUFFLER,K2FP MUFFLER,ROBOT WELDING,FD-V8
2W MUFFLER,K2FP MUFFLER,ROBOT WELDING,FD-V8
2W MUFFLER,K2FP MUFFLER,ROBOT WELDING,FD-V8
2W MUFFLER,K2FP MUFFLER,ROBOT WELDING,FD-V8
2W MUFFLER,K2FP MUFFLER,LEAK TEST,
2W MUFFLER,K2FP MUFFLER,MIG WELDING,
2W MUFFLER,K2FP MUFFLER,ROTARY WELDING,DOUBLE SPINDEL
2W MUFFLER,K2FP MUFFLER,EXPAND-SAW,
2W MUFFLER,K2FP MUFFLER,EXPAND,
2W MUFFLER,K2FP MUFFLER,HIDROLIK PRESS,20 TON
2W MUFFLER,K2FP MUFFLER,ROTARY WELDING,DOUBLE SPINDEL
2W MUFFLER,K2FP MUFFLER,ROTARY WELDING,DOUBLE SPINDEL
2W MUFFLER,K2FP MUFFLER,ROTARY WELDING,SINGLE SPINDEL
2W MUFFLER,K2FP MUFFLER,VERTIKAL TACK WELDING,XD350
2W MUFFLER,K2FP MUFFLER,VERTIKAL TIG TAG WELDING,MR315T
2W MUFFLER,K2FP MUFFLER,VERTIKAL TIG TAG WELDING,ACCUTIG 300P
2W MUFFLER,K2FP MUFFLER,CONVEYOR,
2W MUFFLER,K2FP MUFFLER,TIG WELDING,
2W MUFFLER,K2FP MUFFLER,CONVEYOR,
2W MUFFLER,K2VG MUFFLER,HIDROLIK PRESS,40 TON
2W MUFFLER,K2VG MUFFLER,HIDROLIK PRESS,40 TON
2W MUFFLER,K2VG MUFFLER,HORISONTAL TIG WELDING,
2W MUFFLER,K2VG MUFFLER,HIDROLIK PRESS,20 TON
2W MUFFLER,K2VG MUFFLER,ROBOT WELDING,FD-B6
2W MUFFLER,K2VG MUFFLER,ROBOT WELDING,FD-B6
2W MUFFLER,K2VG MUFFLER,ROTARY WELDING,DOUBLE SPINDLE DOUBLE TORCH
2W MUFFLER,K2VG MUFFLER,ROTARY WELDING,DOUBLE SPINDLE DOUBLE TORCH
2W MUFFLER,K2VG MUFFLER,HIDROLIK PRESS,20 TON
2W MUFFLER,K2VG MUFFLER,ROBOT WELDING,FD-B6
2W MUFFLER,K2VG MUFFLER,ROTARY WELDING,DOUBLE SPINDLE DOUBLE TORCH
2W MUFFLER,K2VG MUFFLER,ROBOT WELDING,FD-B6
2W MUFFLER,K2VG MUFFLER,ROBOT WELDING,FD-B6
2W MUFFLER,K2VG MUFFLER,ROBOT WELDING,FD-B6
2W MUFFLER,K2VG MUFFLER,ROBOT WELDING,FD-B6
2W MUFFLER,K2VG MUFFLER,ROBOT WELDING,FD-B6
2W MUFFLER,K2VG MUFFLER,ROBOT WELDING,FD-B6
2W MUFFLER,K2VG MUFFLER,ROBOT WELDING,AII-V6
2W MUFFLER,K2VG MUFFLER,TIG WELDING,MR315T
2W MUFFLER,K2VG MUFFLER,MIG WELDING,XD350S
2W MUFFLER,K2VG MUFFLER,MIG WELDING,XD350S
2W MUFFLER,K2VG MUFFLER,LASER NUMBERING,
2W MUFFLER,K2VG MUFFLER,CONVEYOR,
2W MUFFLER,K2VG MUFFLER,BUFFING,
2W MUFFLER,K2VG MUFFLER,CONVEYOR,
2W MUFFLER,K2VG MUFFLER,LEAK TEST,
2W MUFFLER,ROBOT HANDLING,BENDING,38TDRE + AII V6
2W MUFFLER,ROBOT HANDLING,FEEDER,
2W MUFFLER,ROBOT HANDLING,ROBOT HANDLING,
2W MUFFLER,ROBOT HANDLING,BENDING,
2W MUFFLER,ROBOT HANDLING,FEEDER,
2W MUFFLER,ROBOT HANDLING,ROBOT HANDLING,38TDRE + FD-V6
2W MUFFLER,ROBOT HANDLING,BENDING,
2W MUFFLER,ROBOT HANDLING,FEEDER,
2W MUFFLER,ROBOT HANDLING,ROBOT HANDLING,
2W MUFFLER,ROBOT HANDLING,BENDING,
2W MUFFLER,ROBOT HANDLING,FEEDER,50TDRE + AII V6
2W MUFFLER,ROBOT HANDLING,ROBOT HANDLING,
2W MUFFLER,ROBOT HANDLING,BENDING,
2W MUFFLER,ROBOT HANDLING,FEEDER,
2W MUFFLER,ROBOT HANDLING,ROBOT HANDLING,
2W MUFFLER,ROBOT HANDLING,BENDING,50TDRE + FD-V6
2W MUFFLER,ROBOT HANDLING,FEEDER,
2W MUFFLER,ROBOT HANDLING,ROBOT HANDLING,
2W MUFFLER,K2FA MUFFLER (2),VERTICAL MIG TACK WELDING,
2W MUFFLER,K2FA MUFFLER (2),HIDROLIK PRESS,NUMBERING
2W MUFFLER,K2FA MUFFLER (2),LEAK TEST,
2W MUFFLER,K2FA MUFFLER (2),HIDROLIK PRESS,NUMBERING
2W MUFFLER,K2FA MUFFLER (2),TIG WELDING,ACCUTIG 300P
2W MUFFLER,K2FA MUFFLER (2),MIG WELDING,CPVE 400
2W MUFFLER,K2SA MUFFLER,HORISONTAL TIG WELDING,
2W MUFFLER,K2SA MUFFLER,HIDROLIK PRESS,40 TON
2W MUFFLER,K2SA MUFFLER,HIDROLIK PRESS,40 TON
2W MUFFLER,K2SA MUFFLER,ROTARY WELDING,DOUBLE SPINDLE
2W MUFFLER,K2SA MUFFLER,ROTARY WELDING,DOUBLE SPINDLE DOUBLE TORCH
2W MUFFLER,K2SA MUFFLER,VERTICAL POSITIONER TACK WELD,MR315T
2W MUFFLER,K2SA MUFFLER,ROTARY WELDING,DOUBLE SPINDLE
2W MUFFLER,K2SA MUFFLER,ROTARY WELDING,DOUBLE SPINDLE DOUBLE TORCH
2W MUFFLER,K2SA MUFFLER,ROTARY WELDING,DOUBLE SPINDLE
2W MUFFLER,K2SA MUFFLER,ROBOT WELDING,FD-V6
2W MUFFLER,K2SA MUFFLER,ROBOT HANDLING,DRILLINGDIA 12.0 + 20 TON + AII-V6
2W MUFFLER,K2SA MUFFLER,TIG WELDING,MR315T
2W MUFFLER,K2SA MUFFLER,MIG WELDING,XD350S
2W MUFFLER,K2SA MUFFLER,LEAK TEST,
2W MUFFLER,K2SA MUFFLER,ROBOT WELDING,FD-V6
2W MUFFLER,K2SA MUFFLER,ROBOT WELDING,FD-V6
2W MUFFLER,K2SA MUFFLER,ROBOT WELDING,FD-V6
2W MUFFLER,K2SA MUFFLER,ROBOT WELDING,FD-V6
2W MUFFLER,K2SA MUFFLER,ROBOT WELDING,FD-B6
2W MUFFLER,K2SA MUFFLER,ROBOT WELDING,FD-B6
2W MUFFLER,K2SA MUFFLER,VERTICAL POSITIONER TACK WELD,XD350
2W MUFFLER,K2SA MUFFLER,VERTICAL POSITIONER TACK WELD,XD350
2W MUFFLER,K2SA MUFFLER,HIDROLIK PRESS,20 TON
2W MUFFLER,K2SA MUFFLER,HIDROLIK PRESS,8 TON
2W MUFFLER,K2SA MUFFLER,VERTICAL POSITIONER TACK WELD,
2W MUFFLER,K1ZN MUFFLER (2),LASER MARKING,
2W MUFFLER,K1ZN MUFFLER (2),MIG WELDING,XD350
2W MUFFLER,K1ZN MUFFLER (2),TIG WELDING,ACCUTIG 300P
2W MUFFLER,K1ZN MUFFLER (2),LEAK TEST,
2W MUFFLER,K1ZN MUFFLER (2),ROBOT WELDING,FD-B6
2W MUFFLER,K1ZN MUFFLER (2),ROBOT WELDING,FD-V6
2W MUFFLER,K1ZN MUFFLER (2),ROBOT WELDING,FD-B6
2W MUFFLER,K1ZN MUFFLER (2),ROBOT WELDING,FD-B6
2W MUFFLER,K1ZN MUFFLER (2),ROBOT WELDING,FD-B6
2W MUFFLER,K1ZN MUFFLER (2),ROBOT WELDING,FD-B6
2W MUFFLER,K1ZN MUFFLER (2),VERTIKAL MIG WELDING,
2W MUFFLER,K1ZN MUFFLER (2),VERTIKAL MIG WELDING,
2W MUFFLER,K1ZN MUFFLER (1),HORISONTAL TIG WELDING,
2W MUFFLER,K1ZN MUFFLER (1),HIDROLIK PRESS,40 TON
2W MUFFLER,K1ZN MUFFLER (1),HIDROLIK PRESS,40 TON
2W MUFFLER,K1ZN MUFFLER (1),HIDROLIK PRESS,20 TON
2W MUFFLER,K1ZN MUFFLER (1),HIDROLIK PRESS,20 TON
2W MUFFLER,K1ZN MUFFLER (1),LEAK TEST,
2W MUFFLER,K1ZN MUFFLER (1),ROBOT WELDING,FD-V6
2W MUFFLER,K1ZN MUFFLER (1),ROBOT WELDING,FD-V6
2W MUFFLER,K1ZN MUFFLER (1),ROBOT WELDING,FD-V8
2W MUFFLER,K1ZN MUFFLER (1),ROBOT WELDING,AII-V6
2W MUFFLER,K1ZN MUFFLER (1),ROBOT WELDING,FD-V6
2W MUFFLER,K1ZN MUFFLER (1),ROBOT WELDING,FD-V6
2W MUFFLER,K1ZN MUFFLER (1),ROBOT WELDING,FD-B6
2W MUFFLER,K1ZN MUFFLER (1),ROBOT WELDING,
2W MUFFLER,K1ZN MUFFLER (1),ROTARY WELDING,DOUBLE SPINDLE
2W MUFFLER,K1ZN MUFFLER (1),ROTARY WELDING,DOUBLE SPINDLE
2W MUFFLER,K1ZN MUFFLER (1),ROTARY WELDING,DOUBLE SPINDLE
2W MUFFLER,K1ZN MUFFLER (1),ROTARY WELDING,SINGLE
2W MUFFLER,K1ZN MUFFLER (1),ROTARY WELDING,SINGLE
2W MUFFLER,K1ZN MUFFLER (1),MIG WELDING,
2W MUFFLER,K1ZN MUFFLER (1),TIG WELDING,ACCUTIG 300P
2W MUFFLER,K1ZN MUFFLER (1),VERTICAL POSITIONER TACK WELD,
2W MUFFLER,K1ZN MUFFLER (1),REAMER VERTICAL,DRILLINGDIA 12.0
2W MUFFLER,K1ZN MUFFLER (1),VERTICAL POSITIONER TACK WELD,
2W MUFFLER,K2FA MUFFLER (1),ROBOT WELDING,AII-V6
2W MUFFLER,K2FA MUFFLER (1),ROBOT WELDING,FD-V8
2W MUFFLER,K2FA MUFFLER (1),ROBOT WELDING,FD-V8
2W MUFFLER,K2FA MUFFLER (1),HIDROLIK PRESS,FLATENING
2W MUFFLER,K2FA MUFFLER (1),ROTARY WELDING,DOUBLE TORCH DOUBLE SPINDLE
2W MUFFLER,K2FA MUFFLER (1),ROTARY WELDING,DOUBLE TORCH DOUBLE SPINDLE
2W MUFFLER,K2FA MUFFLER (1),MIG WELDING,XD-350S
2W MUFFLER,K2FA MUFFLER (1),HIDROLIK PRESS,AUTO EXPAND MACHINE
2W MUFFLER,K2FA MUFFLER (1),BENDING,CNC 38 TDRE
2W MUFFLER,K2FA MUFFLER (1),MIG WELDING,XD-350S
2W MUFFLER,K2FA MUFFLER (1),TIG WELDING,ACCUTIG 300P
2W MUFFLER,K2FA MUFFLER (1),LEAK TEST,
2W MUFFLER,K2FA MUFFLER (1),ROBOT WELDING,FD-V8
2W MUFFLER,K2FA MUFFLER (1),HIDROLIK PRESS,AUTO EXPAND MACHINE
2W MUFFLER,K2FA MUFFLER (1),CIRCULAR SAW,
2W MUFFLER,K2FA MUFFLER (1),ROBOT WELDING,FD-V8
2W MUFFLER,K2FA MUFFLER (1),VERTICAL POSITIONER TIG TACK,ACCUTIG 300P
2W MUFFLER,K2FA MUFFLER (1),ROTARY WELDING,
2W MUFFLER,K2FA MUFFLER (1),VERTICAL POSITIONER TACK WELD,
2W MUFFLER,K2FA MUFFLER (1),HIDROLIK PRESS,
2W MUFFLER,K2FA MUFFLER (1),TIG WELDING,
2W MUFFLER,K2FA MUFFLER (1),VERTICAL POSITIONER TACK WELD,
2W MUFFLER,K2FA MUFFLER (1),VERTICAL POSITIONER TIG TACK,
2W FRAME,HSO,DRILLING,120
2W FRAME,HSO,DRILLING,120
2W FRAME,HSO,DRILLING,
2W FRAME,HSO,DRILLING,
2W FRAME,HSO,DRILLING,250
2W FRAME,HSO,MIG WELDING,XD350
2W FRAME,HSO,MIG WELDING,XD350S
2W FRAME,HSO,MIG WELDING,XD350S
2W FRAME,HSO,MIG WELDING,XD350S
2W FRAME,HSO,DRILLING,120
2W FRAME,HSO,MIG WELDING,XD350S
2W FRAME,HSO,MIG WELDING,XD350S
2W FRAME,HSO,MIG WELDING,XD350S
2W FRAME,HSO,MIG WELDING,XD350S
2W FRAME,HSO,BENDING,30TMRE
2W FRAME,HSO,ROBOT WELDING,FD-V6
2W FRAME,HSO,ROBOT WELDING,TM1400GIII
2W FRAME,HSO,MIG WELDING,XD350S
2W FRAME,K2VG STREERING HANDLE,BENDING,38TDRE
2W FRAME,K2VG STREERING HANDLE,ROBOT HANDLING,
2W FRAME,K2VG STREERING HANDLE,DRILLING,SINGLE HEAD
2W FRAME,K2VG STREERING HANDLE,DRILLING,
2W FRAME,K2VG STREERING HANDLE,BORING,DOUBLE SPINDLE
2W FRAME,K2VG STREERING HANDLE,HIDROLIK PRESS,8 TON
2W FRAME,K2VG STREERING HANDLE,ROBOT WELDING,FD-B6
2W FRAME,K2VG STREERING HANDLE,ROBOT WELDING,FD-V6
2W FRAME,K2VG STREERING HANDLE,ROBOT WELDING,FD-V6
2W FRAME,K2VG STREERING HANDLE,ROBOT WELDING,FD-V6
2W FRAME,K2VG STREERING HANDLE,ROBOT WELDING,FD-B6
2W FRAME,K2VG STREERING HANDLE,BUFFING,
2W FRAME,K2VG STREERING HANDLE,MIG WELDING,XD350S
2W FRAME,K2VG STREERING HANDLE,DRILLING,
2W FRAME,K45 & K3B ARM CUSHION,BUFFING,
2W FRAME,K45 & K3B ARM CUSHION,MILLING,TCS2DN
2W FRAME,K45 & K3B ARM CUSHION,MILLING,TCS2DN
2W FRAME,K45 & K3B ARM CUSHION,ROBOT WELDING,AII-V6
2W FRAME,K45 & K3B ARM CUSHION,DRILLING,120
2W FRAME,K45 & K3B ARM CUSHION,DRILLING,120
2W FRAME,K45 & K3B ARM CUSHION,ROBOT WELDING,FD-V8
2W FRAME,K45 & K3B ARM CUSHION,BUFFING,
2W FRAME,K15 FRONT FRAME,ROTARY WELDING,
2W FRAME,K15 FRONT FRAME,ROBOT WELDING,
2W FRAME,K15 FRONT FRAME,MIG WELDING,
2W FRAME,K15 FRONT FRAME,ROTARY WELDING,SINGLE SPINDLE
2W FRAME,K15 FRONT FRAME,ROTARY WELDING,SINGLE SPINDLE
2W FRAME,K15 FRONT FRAME,DRILLING,250
2W FRAME,K15 FRONT FRAME,DRILLING,120
2W FRAME,K15 FRONT FRAME,DRILLING,120
2W FRAME,K15 FRONT FRAME,DRILLING,120
2W FRAME,K15 FRONT FRAME,BUFFING,
2W FRAME,K15 FRONT FRAME,MIG WELDING,XD350S
2W FRAME,K15 FRONT FRAME,MIG WELDING,XD350S
2W FRAME,K15 FRONT FRAME,MIG WELDING,XD350S
2W FRAME,K15 FRONT FRAME,BENDING,50TMRE
2W FRAME,K15 FRONT FRAME,ROBOT WELDING,AII-V6
2W FRAME,K15 FRONT FRAME,ROBOT WELDING,AII-V6
2W FRAME,K15 FRONT FRAME,ROBOT WELDING,AII-V6
2W FRAME,K15 FRONT FRAME,HIDROLIK PRESS,8 TON
2W FRAME,K15 FRONT FRAME,BORING,DOUBLE HEAD
2W FRAME,K15 FRONT FRAME,ROBOT WELDING,TM-1400 GIII
2W FRAME,K15 FRONT FRAME,ROBOT WELDING,TA-1400
2W FRAME,K15 FRONT FRAME,NOTCHING CUTTER,
2W FRAME,K15 FRONT FRAME,ROBOT WELDING,TA-1400
2W FRAME,K15 FRONT FRAME,ROBOT WELDING,TA-1400
2W FRAME,K15 FRONT FRAME,ROBOT WELDING,TM-1400 GIII
2W FRAME,K15 FRONT FRAME,FINE BORING,
2W FRAME,K15 FRONT FRAME,TIG WELDING,MR315T
2W FRAME,K15 FRONT FRAME,DRILLING,120
2W FRAME,K15 FRONT FRAME,DRILLING,250
2W FRAME,K15 FRONT FRAME,ROBOT WELDING,TM-1400 GIII
2W FRAME,K15 FRONT FRAME,ROBOT WELDING,TM-1400 GIII
2W FRAME,K15 FRONT FRAME,ROBOT WELDING,TM-1400 GIII
2W FRAME,K15 FRONT FRAME,DUST COLECTOR,
2W FRAME,K15 FRONT FRAME,ROBOT WELDING,FD-B4
2W FRAME,K15 FRONT FRAME,MIG WELDING,XD350
2W FRAME,K15 FRONT FRAME,MIG WELDING,XD350
2W FRAME,K15 FRONT FRAME,DRILLING,250
2W FRAME,K15 SWING ARM ,FINE BORING,122X-E
2W FRAME,K15 SWING ARM ,HIDROLIK PRESS,8 TON
2W FRAME,K15 SWING ARM ,ROBOT WELDING,TA 1400
2W FRAME,K15 SWING ARM ,ROBOT WELDING,TA 1400
2W FRAME,K15 SWING ARM ,ROBOT WELDING,TA 1400
2W FRAME,K15 SWING ARM ,MIG WELDING,XD350S
2W FRAME,K15 SWING ARM ,HIDROLIK PRESS,20 TON
2W FRAME,K15 SWING ARM ,HIDROLIK PRESS,8 TON
2W FRAME,K15 SWING ARM ,HIDROLIK PRESS,20 TON
2W FRAME,K15 SWING ARM ,DRILLING,250
2W FRAME,K15 SWING ARM ,HIDROLIK PRESS,40 TON
2W FRAME,K15 SWING ARM ,HIDROLIK PRESS,20 TON
2W FRAME,K15 SWING ARM ,HIDROLIK PRESS,8 TON
2W FRAME,K15 SWING ARM ,DRILLING,120
2W FRAME,K15 SWING ARM ,DRILLING,120
2W FRAME,K15 SWING ARM ,DRILLING,120
2W FRAME,K15 SWING ARM ,ROBOT WELDING,TA 1400
2W FRAME,K15 SWING ARM ,ROTARY WELING,VERTICAL
2W FRAME,K15 SWING ARM ,ROBOT WELDING,TA 1400
2W FRAME,K18 PIPE COMP FRAME,BORING,122X-E
2W FRAME,K18 PIPE COMP FRAME,ROBOT WELDING,FD-V6
2W FRAME,K18 PIPE COMP FRAME,MIG WELDING,XD350S
2W FRAME,K18 PIPE COMP FRAME,ROBOT WELDING,TM1400GIII
2W FRAME,K18 PIPE COMP FRAME,HYDROLIC NOTCHING,
2W FRAME,K18 PIPE COMP FRAME,ROBOT WELDING,FD-B6
2W FRAME,K18 PIPE COMP FRAME,ROBOT WELDING,FD-B6
2W FRAME,K18 PIPE COMP FRAME,DUST COLECTOR,
2W FRAME,K18 PIPE COMP FRAME,BENDING,A75TN
2W FRAME,K56A/F PIPE MAIN ,BORING,DOUBLE SPINDLE
2W FRAME,K56A/F PIPE MAIN ,MIG WELDING,XD350S
2W FRAME,K56A/F PIPE MAIN ,ROBOT WELDING,TA-1400
2W FRAME,K56A/F PIPE MAIN ,ROBOT WELDING,AII-V6
2W FRAME,K56A/F PIPE MAIN ,ROBOT WELDING,AII-V6
2W FRAME,K56A/F PIPE MAIN ,ROBOT WELDING,FD-V6
2W FRAME,K56A/F PIPE MAIN ,HIDROLIK PRESS,20 TON
2W FRAME,K56A/F PIPE MAIN ,MIG WELDING,KR-II 350
2W FRAME,K56A/F PIPE MAIN ,HIDROLIK PRESS,20 TON
2W FRAME,K56A/F PIPE MAIN ,AUTO NOTCHING DRILLING,
2W FRAME,K56A/F PIPE MAIN ,ROBOT WELDING,FD-V6
2W FRAME,K56A/F PIPE MAIN ,ROBOT WELDING,AII-V6
2W FRAME,K56A/F PIPE MAIN ,BORING,122X-E
2W FRAME,K56A/F PIPE MAIN ,BENDING,50S2RSM
2W FRAME,K59J ENG. HANGER,BUFFING,ST-402
2W FRAME,K59J ENG. HANGER,ROBOT WELDING,TM-1400 GIII
2W FRAME,K59J ENG. HANGER,ROBOT WELDING,TM-1400 GIII
2W FRAME,K81/56 PLATE RR CROSS,DRILL TAPPING,HDT 340
2W FRAME,K81/56 PLATE RR CROSS,MIG WELDING,XD350S
2W FRAME,K81/56 PLATE RR CROSS,ROBOT WELDING,TA-1400
2W FRAME,K03B GRAB RAIL,ROBOT WELDING,AII-V6
2W FRAME,K03B GRAB RAIL,MIG WELDING,KR-II 350
2W FRAME,K03B GRAB RAIL,BUFFING,
2W FRAME,K84 SWING ARM,MIG WELDING,MR315T
2W FRAME,K84 SWING ARM,HIDROLIK PRESS,NUMBERING
2W FRAME,K84 SWING ARM,HIDROLIK PRESS,8 TON
2W FRAME,K84 SWING ARM,BORING,DOUBLE SPINDLE
2W FRAME,K84 SWING ARM,BORING,DOUBLE SPINDLE
2W FRAME,K84 SWING ARM,ROBOT WELDING,TM-1400 GIII
2W FRAME,K84 SWING ARM,ROBOT WELDING,TM-1400 GIII
2W FRAME,K84 SWING ARM,ROBOT WELDING,TM-1400 GIII
2W FRAME,K84 SWING ARM,ROBOT WELDING,TM-1400 GIII
2W FRAME,K84 SWING ARM,ROBOT WELDING,TM-1400 GIII
2W FRAME,K84 SWING ARM,ROBOT WELDING,TM-1400 GIII
2W FRAME,K84 SWING ARM,ROBOT WELDING,TM-1400 GIII
2W FRAME,K84 SWING ARM,ROBOT WELDING,FD-B4
2W FRAME,K84 SWING ARM,HIDROLIK PRESS,20 TON
2W FRAME,K84 SWING ARM,HIDROLIK PRESS,8 TON
2W FRAME,K84 SWING ARM,HIDROLIK PRESS,8 TON
2W FRAME,K84 SWING ARM,HIDROLIK PRESS,20 TON
2W FRAME,K84 SWING ARM,HIDROLIK PRESS,40 TON
2W FRAME,K84 SWING ARM,HIDROLIK PRESS,20 TON
2W FRAME,K84 SWING ARM,HIDROLIK PRESS,20 TON
2W FRAME,K84 SWING ARM,DUSH COLLECTOR,
2W FRAME,K84 SWING ARM,ROTARY WELDING,VERTICAL
2W FRAME,K84 SWING ARM,HIDROLIK PRESS,20 TON
"2W FRAME,""LINE HSO STEERING K81,K18,K15"",BENDING,50TMRE"
"2W FRAME,""LINE HSO STEERING K81,K18,K15"",BENDING,50TMRE"
"2W FRAME,""LINE HSO STEERING K81,K18,K15"",DRILLING,120"
"2W FRAME,""LINE HSO STEERING K81,K18,K15"",KNURLING,DPT"
"2W FRAME,""LINE HSO STEERING K81,K18,K15"",BUFFING,"
"2W FRAME,""LINE HSO STEERING K81,K18,K15"",BUFFING,"
"2W FRAME,""LINE HSO STEERING K81,K18,K15"",DRILLING,120"
"2W FRAME,""LINE HSO STEERING K81,K18,K15"",DRILLING,120"
2W FRAME,K2FA/K1AA BRKT R CUSHION,BUFFING,
2W FRAME,K2FA/K1AA BRKT R CUSHION,CONVEYOR,TRANSFER
2W FRAME,K2FA/K1AA BRKT R CUSHION,ROBOT WELDING,TM-1400 GIII
2W FRAME,K2FA/K1AA BRKT R CUSHION,ROBOT WELDING,TM-1400 GIII
2W FRAME,K2FA/K1AA BRKT R CUSHION,ROBOT WELDING,TM-1400 GIII
2W FRAME,K2FA/K1AA BRKT R CUSHION,ROBOT WELDING,TM-1400 GIII
2W FRAME,K2FA/K1AA BRKT R CUSHION,TIG WELDING,300P
2W FRAME,LA1A BRKT COMP SET,ROBOT WELDING,TM-1400 GIII
2W FRAME,LA1A BRKT COMP SET,ROBOT WELDING,TM-1400 GIII
2W FRAME,LA1A BRKT COMP SET,ROBOT WELDING,TM-1400 GIII
2W FRAME,LA1A BRKT COMP SET,ROBOT WELDING,TM-1400 GIII
2W FRAME,LA1A BRKT COMP SET,MIG WELDING,CPVE 400
2W FRAME,LA1A BRKT COMP SET,TAP DRILLING,HDT 340
2W FRAME,LA1A BRKT COMP SET,BUFFING,
2W FRAME,LA1A PIPE COMP STRG HEAD,ROBOT WELDING,TM-1400 GIII
2W FRAME,LA1A BRKT COMP SIDE STAND,ROBOT WELDING,FD-V8
2W FRAME,LA1A BRKT COMP RR CROSS,BUFFING,
2W FRAME,LA1A BRKT COMP RR CROSS,MIG WELDING,
2W FRAME,LA1A BRKT COMP RR CROSS,ROBOT WELDING,
2W FRAME,LA1A BRKT COMP RR CROSS,ROBOT WELDING,
2W FRAME,LA1A BRKT COMP RR CROSS,ROBOT WELDING,
2W FRAME,LA1A BRKT COMP RR CROSS,ROBOT WELDING,FD-V6
2W FRAME,PREPARATION K1ZV,HIDROLIK PRESS,
2W FRAME,PREPARATION K1ZV,HIDROLIK PRESS,
2W FRAME,PREPARATION K1ZV,HIDROLIK PRESS,
2W FRAME,PREPARATION K1ZV,HIDROLIK PRESS,
2W FRAME,PREPARATION K1ZV,HIDROLIK C-SAW,
2W FRAME,PREPARATION K1ZV,HIDROLIK PRESS,
2W FRAME,PREPARATION K1ZV,CUTTER NOTCHING,
2W FRAME,PREPARATION K1ZV,PNEUMATIK DRILING,
2W FRAME,PREPARATION K1ZV,AUTO CUTTER MESIN,
2W FRAME,PREPARATION K1ZV,HIDROLIK CIRCULAR SAW,
2W FRAME,PREPARATION K1ZV,HIDROLIK PRESS  TWIN HEAD,
2W FRAME,PREPARATION K1ZV,HIDROLIK PRESS,
2W FRAME,PREPARATION K1ZV,HIDROLIK PRESS,
2W FRAME,PREPARATION K1ZV,FEEDER BENDING,
2W FRAME,PREPARATION K1ZV,FEEDER BENDING,
2W FRAME,PREPARATION K1ZV,FEEDER BENDING,
2W FRAME,PREPARATION K1ZV,ROBOT HANDLING,
2W FRAME,PREPARATION K1ZV,ROBOT HANDLING,
2W FRAME,PREPARATION K1ZV,ROBOT HANDLING,
2W FRAME,PREPARATION K1ZV,ROBOT HANDLING,
2W FRAME,PREPARATION K1ZV,ROBOT HANDLING,
2W FRAME,PREPARATION K1ZV,ROBOT HANDLING,
2W FRAME,PREPARATION K1ZV,HIDROLIK PRESS,
2W FRAME,PREPARATION K1ZV,HIDROLIK PRESS,
2W FRAME,PREPARATION K1ZV,MULTIDRILING,
2W FRAME,PREPARATION K1ZV,MULTIDRILING,
2W FRAME,PREPARATION K1ZV,FEEDER BENDING,
2W FRAME,PREPARATION K1ZV,FEEDER BENDING,
2W FRAME,PREPARATION K1ZV,FEEDER BENDING,
2W FRAME,PREPARATION K1ZV,BENDING,38 TDRE
2W FRAME,PREPARATION K1ZV,BENDING,38 TDRE
2W FRAME,PREPARATION K1ZV,BENDING,38 TDRE
2W FRAME,PREPARATION K1ZV,BENDING,38 TDRE
2W FRAME,PREPARATION K1ZV,BENDING,38 TDRE
2W FRAME,PREPARATION K1ZV,BENDING,38 TDRE
2W FRAME,PREPARATION HEAD PIPE,ROUGH BORRING,4 SPINDLE
2W FRAME,PREPARATION HEAD PIPE,ROUGH BORRING,4 SPINDLE
2W FRAME,PREPARATION HEAD PIPE,HIDROLIK PRESS,650 TON
2W FRAME,PREPARATION HEAD PIPE,HIDROLIK PRESS,650 TON
2W FRAME,PREPARATION HEAD PIPE,HIDROLIK PRESS,650 TON
2W FRAME,PREPARATION HEAD PIPE,ROUGH BORRING,
2W FRAME,PREPARATION HEAD PIPE,HIDROLIK PRESS,EXPAND
2W FRAME,PREPARATION HEAD PIPE,BORING,WEITAI
2W FRAME,PREPARATION HEAD PIPE,ROUGH BORRING,
2W FRAME,ROD CUSHION K15,ROUGH BORING,
2W FRAME,ROD CUSHION K15,UNIVERSAL ROTARY WELDING,
2W FRAME,ROD CUSHION K15,BUFFING,
2W FRAME,ROD CUSHION K15,DUSH COLLECTOR,
2W FRAME,ROD CUSHION K15,BORING DOUBLE HEAD,
2W FRAME,ROD CUSHION K15,HIDROLIK PRESS,8 TON
2W FRAME,ROD CUSHION K15,BUFFING,
2W FRAME,LINE MX3W,ROBOT WELDING,FD-V6
2W FRAME,LINE MX3W,ROBOT WELDING,FD-V6
2W FRAME,LINE MX3W,ROBOT WELDING,FD-V6
2W FRAME,LINE MX3W,ROBOT WELDING,FD-V6
2W FRAME,LINE MX3W,ROBOT WELDING,FD-V6
2W FRAME,LINE MX3W,DRILLING,120
2W FRAME,LINE MX3W,DRILLING,340
2W FRAME,LINE MX3W,MIG WELDING,XD350S
2W FRAME,LINE MX3W,CIRCULAR SAW ,
2W FRAME,LINE MX3W,ROUGH + FINE BORRING,DOUBLE SPINDEL
2W FRAME,LINE MX3W,BENDING,A89TNCB
2W FRAME,LINE MX3W,ROBOT WELDING,FD-B6L
2W FRAME,LINE MX3W,CRAIN,1000 KG
2W FRAME,LINE MX3W,HIDROLIK PRESS,20 TON
2W FRAME,LINE MX3W,BENDING,50TDRE
2W FRAME,LINE MX3W,BENDING,30TMRE
2W FRAME,FRONT FRAME K1ZV ,ROBOT WELDING,FD-B6
2W FRAME,FRONT FRAME K1ZV ,ROBOT WELDING,FD-B6
2W FRAME,FRONT FRAME K1ZV ,ROBOT WELDING,FD-B6
2W FRAME,FRONT FRAME K1ZV ,ROBOT WELDING,FD-B6
2W FRAME,FRONT FRAME K1ZV ,ROBOT WELDING,FD-B6
2W FRAME,FRONT FRAME K1ZV ,ROBOT WELDING,FD-B6
2W FRAME,FRONT FRAME K1ZV ,ROBOT WELDING,FD-B6
2W FRAME,FRONT FRAME K1ZV ,ROBOT WELDING,FD-B6
2W FRAME,FRONT FRAME K1ZV ,ROBOT WELDING,FD-B6
2W FRAME,FRONT FRAME K1ZV ,ROBOT WELDING,FD-B6
2W FRAME,FRONT FRAME K1ZV ,ROBOT WELDING,FD-B6
2W FRAME,FRONT FRAME K1ZV ,ROBOT WELDING,FD-B6
2W FRAME,FRONT FRAME K1ZV ,ROBOT WELDING,FD-B6
2W FRAME,FRONT FRAME K1ZV ,ROBOT WELDING,FD-B6
2W FRAME,FRONT FRAME K1ZV ,ROBOT WELDING,FD-B6
2W FRAME,FRONT FRAME K1ZV ,ROBOT WELDING,FD-B6
2W FRAME,FRONT FRAME K1ZV ,ROBOT WELDING,FD-B6
2W FRAME,FRONT FRAME K1ZV ,ROBOT WELDING,FD-B6
2W FRAME,FRONT FRAME K1ZV ,CONVEYOR,
2W FRAME,FRONT FRAME K1ZV ,CONVEYOR,
2W FRAME,FRONT FRAME K1ZV ,MIG WELDING,
2W FRAME,FRONT FRAME K1ZV ,TIG WELDING,
2W FRAME,FRONT FRAME K1ZV ,LASSER MARKING,
2W FRAME,BRKT R COMP PIVOT K1ZV,BUFFING,
2W FRAME,BRKT R COMP PIVOT K1ZV,DRILING,
2W FRAME,BRKT R COMP PIVOT K1ZV,MIG WELDING,
2W FRAME,BRKT R COMP PIVOT K1ZV,ROBOT WELDING,OTC
2W FRAME,BRKT R COMP PIVOT K1ZV,SPOT WELDING,
2W FRAME,BRKT L COMP PIVOT K1ZV,ROBOT WELDING,PANASONIC
2W FRAME,BRKT L COMP PIVOT K1ZV,DRILING,
2W FRAME,BRKT L COMP PIVOT K1ZV,SPOT WELDING,
2W FRAME,OTHER K1ZV,BENDING,38 TDRE
2W FRAME,OTHER K1ZV,BENDING,38 TDRE
2W FRAME,OTHER K1ZV,ROBOT HANDLING,
2W FRAME,OTHER K1ZV,ROBOT HANDLING,
2W FRAME,OTHER K1ZV,FEEDER BENDING,
2W FRAME,OTHER K1ZV,FEEDER BENDING,
2W FRAME,OTHER K1ZV,HIDROLIK PRESS,
2W FRAME,OTHER K1ZV,HIDROLIK DRILING,
2W FRAME,OTHER K1ZV,AUTO CUTTING NOTCHING,
2W FRAME,OTHER K1ZV,HIDROLIK CIRCULAR SAW,
2W FRAME,OTHER K1ZV,HIDROLIK PRESS,
2W FRAME,BRKT RR CROSS FENDER COMP K1ZV,ROBOT WELDING,OTC
2W FRAME,BRKT RR CROSS FENDER COMP K1ZV,BUFFING,
2W FRAME,BRKT RR CROSS FENDER COMP K1ZV,MIG WELDING,
2W FRAME,SUB FRAME R/L COMP K1ZV,ROBOT WELDING,TM 1400 GIII
2W FRAME,SUB FRAME R/L COMP K1ZV,ROBOT WELDING,TM 1400 GIII
2W FRAME,SUB FRAME R/L COMP K1ZV,MIG WELDING,XDII 350
2W FRAME,PIPE SUB COP L K3NA,BENDING,38 TDRE
2W FRAME,PIPE SUB COP L K3NA,MULTIDRILING,
2W FRAME,PIPE SUB COP L K3NA,MIG WELDING,
2W FRAME,PIPE SUB COP L K3NA,CIRCULAR SAW ,
2W FRAME,PIPE SUB COP L K3NA,ROBOT WELDING,OTC
2W FRAME,PIPE SUB COP L K3NA,CUTTER NOTCHING,
2W FRAME,PIPE SUB COMP R K3NA,CIRCULAR SAW ,
2W FRAME,PIPE SUB COMP R K3NA,AUTO NOTCHING DRILLING,
2W FRAME,PIPE SUB COMP R K3NA,MIG WELDING,
2W FRAME,PIPE SUB COMP R K3NA,ROBOT WELDING,OTC
2W FRAME,PIPE COMP MAIN K3NA,MIG WELDING,XDII 350
2W FRAME,PIPE COMP MAIN K3NA,TIG WELDING,
2W FRAME,PIPE COMP MAIN K3NA,BORING,
2W FRAME,PIPE COMP MAIN K3NA,BENDING,50 TMRE
2W FRAME,PIPE COMP MAIN K3NA,CIRCULAR SAW ,
2W FRAME,PIPE COMP MAIN K3NA,HIDROLIK PRESS,
2W FRAME,PIPE COMP MAIN K3NA,HIDROLIK PRESS,
2W FRAME,PIPE COMP MAIN K3NA,BENDING,38 TDRE
2W FRAME,PIPE COMP MAIN K3NA,CUTTER NOTCHING,
2W FRAME,PIPE COMP MAIN K3NA,ROBOT WELDING,PANASONIC
2W FRAME,PIPE COMP MAIN K3NA,ROBOT WELDING,PANASONIC
2W FRAME,PIPE COMP MAIN K3NA,ROBOT WELDING,PANASONIC
2W FRAME,PIPE COMP MAIN K3NA,ROBOT WELDING,PANASONIC
2W FRAME,PIPE DAN PATCH FLOOR R/L K3NA,FEEDER BENDING,TM 1400 GIII
2W FRAME,PIPE DAN PATCH FLOOR R/L K3NA,HIDROLIK PRESS,
2W FRAME,PIPE DAN PATCH FLOOR R/L K3NA,BENDING,38 TDRE
2W FRAME,PIPE DAN PATCH FLOOR R/L K3NA,ROBOT WELDING,OTC
2W FRAME,PIPE DAN PATCH FLOOR R/L K3NA,MIG WELDING,XDII 350
2W FRAME,PIPE DAN PATCH FLOOR R/L K3NA,MULTIDRILING,
2W FRAME,PIPE DAN PATCH FLOOR R/L K3NA,ROBOT HANDLING,OTC
2W FRAME,BRKT COMP RR CROSS K3NA,ROBOT WELDING,OTC
2W FRAME,BRKT COMP RR CROSS K3NA,MULTIDRILING,
2W FRAME,BRKT COMP RR CROSS K3NA,MIG WELDING,
2W FRAME,PLATE COMP LOCK K3NA,SPOT WELDING,
2W FRAME,PLATE COMP LOCK K3NA,BUFFING,
2W FRAME,PIPE CENTER CROSS K3NA,ROBOT WELDING,OTC
2W FRAME,PIPE CENTER CROSS K3NA,ROBOT WELDING,OTC
2W FRAME,PIPE CENTER CROSS K3NA,MULTIDRILING,
2W FRAME,PIPE CENTER CROSS K3NA,MULTIDRILING,
2W FRAME,PIPE CENTER CROSS K3NA,DRILING,
2W FRAME,PIPE CENTER CROSS K3NA,DRILING,
2W FRAME,PIPE CENTER CROSS K3NA,MIG WELDING,
2W FRAME,PIPE COMP STRG HANDLE K3NA,ROBOT WELDING,OTC
2W FRAME,PIPE COMP STRG HANDLE K3NA,ROBOT WELDING,OTC
2W FRAME,PIPE COMP STRG HANDLE K3NA,BUFFING,
2W FRAME,PIPE COMP STRG HANDLE K3NA,DUSH COLLECTOR,
2W FRAME,PIPE COMP STRG HANDLE K3NA,BENDING,38 TDRE
2W FRAME,PIPE COMP STRG HANDLE K3NA,ROBOT HANDLING,
2W FRAME,PIPE COMP STRG HANDLE K3NA,FEEDER BENDING,
2W FRAME,PIPE COMP STRG HANDLE K3NA,DOUBLE DRILING,
2W FRAME,PIPE COMP STRG HANDLE K3NA,HIDROLIK PRESS,
2W FRAME,K1AL PIPE COMP HANDLE, , 
2W FRAME,K1AL PIPE COMP HANDLE,ROBOT WELDING,FD-B6
2W FRAME,K1AL PIPE COMP HANDLE,ROBOT WELDING,FD-B6
2W FRAME,K1AL PIPE COMP HANDLE,ROBOT WELDING,FD-B6
2W FRAME,K1AL PIPE COMP HANDLE,ROBOT WELDING,FD-B6
2W FRAME,K1AL PIPE COMP HANDLE,DRILING,
2W FRAME,K1AL PIPE COMP HANDLE,BUFFING,
2W FRAME,K1AL PIPE COMP HANDLE,DRILING,
2W FRAME,K1AL PIPE COMP HANDLE,DRILING,
2W FRAME,K1AL PIPE COMP HANDLE,ROBOT HANDLING,
2W FRAME,K1AL PIPE COMP HANDLE,BENDING,38 TDRE
2W FRAME,K1AL PIPE COMP HANDLE,FEEDER BENDING,
2W FRAME,K1AL PIPE COMP HANDLE,BORING BUFFING,
2W FRAME,K1AL PIPE COMP HANDLE,MIG WELDING,TA 1400
2W FRAME,K1AL PIPE COMP STRG HEAD,ROBOT WELDING,OTC
2W FRAME,K1AL PIPE COMP STRG HEAD,ROBOT WELDING,OTC
2W FRAME,K1AL PIPE COMP STRG HEAD,MIG WELDING,
2W FRAME,K1AL PIPE COMP STRG HEAD,CONVEYOR,
2W FRAME,K1AL BRKT COMP SIDE STAND,ROBOT WELDING,FD-B6
2W FRAME,K1AL BRKT COMP R PILLION,CONVEYOR,
2W FRAME,K1AL BRKT COMP R PILLION,MIG WELDING,
2W FRAME,K1AL BRKT COMP R PILLION,ROBOT WELDING,
2W FRAME,K1AL BRKT COMP R PILLION,ROBOT WELDING,
2W FRAME,K1AL BRKT COMP R PILLION,DRILING,
2W FRAME,K1AL BRKT COMP R PILLION,BUFFING,
2W FRAME,K1AL BRKT COMP L PILLION,CONVEYOR,
2W FRAME,K1AL BRKT COMP L PILLION,ROBOT WELDING,PANASONIC
2W FRAME,K1AL BRKT COMP L PILLION,ROBOT WELDING,PANASONIC
2W FRAME,K1AL BRKT COMP L PILLION,DRILING,
2W FRAME,K1AL BRKT COMP L PILLION,MIG WELDING,
2W FRAME,K1AL PIPE COMP LUGAGE BOX,ROBOT WELDING,PANASONIC
2W FRAME,K1AL PIPE COMP LUGAGE BOX,ROBOT WELDING,PANASONIC
2W FRAME,K1AL PIPE COMP LUGAGE BOX,DRILING,
2W FRAME,K1AL PIPE COMP LUGAGE BOX,CONVEYOR,
2W FRAME,K2FP STRG HANDLE,BUFFING,
2W FRAME,K2FP STRG HANDLE,DRILLING,
2W FRAME,K2FP STRG HANDLE,DRILLING,
2W FRAME,K2FP STRG HANDLE,ROBOT WELDING,AII-V6
2W FRAME,K2FP STRG HANDLE,ROBOT WELDING,TM-1400 GIII
2W FRAME,K2FP STRG HANDLE,ROBOT WELDING,FD-B6
2W FRAME,K2FP STRG HANDLE,ROBOT WELDING,FD-B6
2W FRAME,K2FP STRG HANDLE,ROBOT WELDING,FD-V6
2W FRAME,K2FP STRG HANDLE,DOUBLE DRILING CUTTING BURY,
2W FRAME,K2FP STRG HANDLE,HIDROLIK PRESS,
2W FRAME,K2FP STRG HANDLE,MULTIDRILING,
2W FRAME,K2FP STRG HANDLE,BENDING,38 TDRE
2W FRAME,K2FP STRG HANDLE,DUSH COLLECTOR,
2W FRAME,K1AL BRKT COMP RR CROSS,BUFFING,
2W FRAME,K1AL BRKT COMP RR CROSS,CONVEYOR,
2W FRAME,K1AL BRKT COMP RR CROSS,ROBOT WELDING,PANASONIC
2W FRAME,K1AL BRKT COMP RR CROSS,ROBOT WELDING,PANASONIC
2W FRAME,K1AL BRKT COMP RR CROSS,ROBOT WELDING,PANASONIC
2W FRAME,K1AL BRKT COMP RR CROSS,MIG WELDING,
2W FRAME,K1AL BRKT COMP RR CROSS,BENDING,38 TDRE
2W FRAME,LB6A BRKT COMP R PILLION SET,DRILLING,120
2W FRAME,LB6A BRKT COMP R PILLION SET,MIG WELDING,XD350S
2W FRAME,LB6A BRKT COMP R PILLION SET,CONVEYOR,TRANSFER
2W FRAME,LB6A BRKT COMP R PILLION SET,BUFFING,
2W FRAME,LB6A BRKT COMP R PILLION SET,ROBOT WELDING,TM-1400 GIII
2W FRAME,LB6A BRKT COMP R PILLION SET,ROBOT WELDING,FD-V6
2W FRAME,LB6A BRKT COMP L PILLION SET,ROBOT WELDING,FD-V6
2W FRAME,LB6A BRKT COMP L PILLION SET,ROBOT WELDING,FD-V6
2W FRAME,LB6A BRKT COMP L PILLION SET,DRILL TAPPING,340
2W FRAME,LB6A BRKT COMP L PILLION SET,BUFFING,
2W FRAME,LB6A BRKT COMP L PILLION SET,CONVEYOR,TRANSFER
2W FRAME,LB6A BRKT COMP L PILLION SET,MIG WELDING,XD350S
2W FRAME,LB6A BRKT COMP RR CROSS,ROBOT WELDING,TA-1400
2W FRAME,LB6A BRKT COMP RR CROSS,ROBOT WELDING,TA-1400
2W FRAME,LB6A BRKT COMP RR CROSS,ROBOT WELDING,TA-1400
2W FRAME,LB6A BRKT COMP RR CROSS,MIG WELDING,
2W FRAME,LB6A BRKT COMP RR CROSS,CONVEYOR,
2W FRAME,LB6A BRKT COMP RR CROSS,BUFFING,
2W FRAME,LB6A PIPE COMP LUGGAGE BOX,ROBOT WELDING,FD-V6
2W FRAME,LB6A PIPE COMP LUGGAGE BOX,ROBOT WELDING,FD-V6
2W FRAME,LB6A PIPE COMP LUGGAGE BOX,MIG WELDING,XD350S
2W FRAME,LB6A PIPE COMP LUGGAGE BOX,DRILING,
2W FRAME,LB6A PIPE COMP LUGGAGE BOX,CONVEYOR,TRANSFER
2W FRAME,LB6A PIPE COMP STEERING HEAD,ROBOT WELDING,FD-V6
2W FRAME,LB6A PIPE COMP STEERING HEAD,ROBOT WELDING,FD-V6
2W FRAME,LB6A PIPE COMP STEERING HEAD,MIG WELDING,XD350S
2W FRAME,LB6A PIPE COMP STEERING HEAD,CONVEYOR,TRANSFER
2W FRAME,LB6A STEERING HANDLE,ROBOT WELDING,TM-1400 GIII
2W FRAME,LB6A STEERING HANDLE,ROBOT WELDING,TM-1400 GIII
2W FRAME,LB6A STEERING HANDLE,ROBOT WELDING,FD-V6
2W FRAME,LB6A STEERING HANDLE,ROBOT WELDING,FD-V6
2W FRAME,LB6A STEERING HANDLE,DRILLING,SINGLE HEAD
2W FRAME,LB6A STEERING HANDLE,DRILLING,SINGLE HEAD
2W FRAME,LB6A STEERING HANDLE,MIG WELDING,CPVE 400
2W FRAME,LB6A STEERING HANDLE,BUFFING,
2W FRAME,LB6A STEERING HANDLE,HIDROLIK PRESS,8 TON
2W FRAME,LB6A STEERING HANDLE,ROBOT WELDING,AX-V6
2W FRAME,LB6A STEERING HANDLE,HIDROLIK PRESS,8 TON
2W FRAME,LB6A STEERING HANDLE,DRILLING,DOUBLE HEAD
2W FRAME,LB6A STEERING HANDLE,BENDING,38TDRE
2W FRAME,LB6A STEERING HANDLE,BORING,DOUBLE HEAD
2W FRAME,SWING ARM K41 N000/KY2A,BORING,122X-E
2W FRAME,SWING ARM K41 N000/KY2A,ROBOT WELDING,FD-B6
2W FRAME,SWING ARM K41 N000/KY2A,HIDROLIK PRESS,
2W FRAME,SWING ARM K41 N000/KY2A,ROBOT WELDING,AII-V6
2W FRAME,SWING ARM K41 N000/KY2A,ROBOT WELDING,TA-1400
2W FRAME,SWING ARM K41 N000/KY2A,HIDROLIK PRESS,20 TON
2W FRAME,SWING ARM K41 N000/KY2A,DRILLING,250
2W FRAME,SWING ARM K41 N000/KY2A,MIG WELDING,KR-II 350
2W FRAME,SWING ARM K41 N000/KY2A,BUFFING,ST-LIOS
2W FRAME,SWING ARM K41 N000/KY2A,ROTARY WELDING,UNIVERSAL
2W FRAME,SWING ARM K41 N000/KY2A,HIDROLIK PRESS,20 TON
2W FRAME,K3VA PIPE COMP STRG HANDLE,ROBOT WELDING,FD-B6
2W FRAME,K3VA PIPE COMP STRG HANDLE,ROBOT WELDING,FD-B6
2W FRAME,K3VA PIPE COMP STRG HANDLE,ROBOT WELDING,FD-B6
2W FRAME,K3VA PIPE COMP STRG HANDLE,AUTO CORRECTING,FD-B6
2W FRAME,K3VA PIPE COMP STRG HANDLE,MIG WELDING,
2W FRAME,K3VA PIPE COMP STRG HANDLE,BUFFING,
2W FRAME,K3VA PIPE COMP STRG HANDLE,ROBOT WELDING,FD-B6
2W FRAME,K3VA PIPE COMP STRG HANDLE,ROBOT WELDING,FD-B6
2W FRAME,K3VA PIPE COMP STRG HANDLE,HIDROLIK PRESS,EXPAND
2W FRAME,K3VA PIPE COMP STRG HANDLE,DRILLING,
2W FRAME,K3VA PIPE COMP STRG HANDLE,DRILLING,
2W FRAME,K3VA PIPE COMP STRG HANDLE,DRILLING,
2W FRAME,K3VA PIPE COMP STRG HANDLE,ROBOT HANDLING,
2W FRAME,K3VA PIPE COMP STRG HANDLE,BENDING,38TMRE
2W FRAME,K3VA PIPE COMP STRG HANDLE,DOUBLE DRILLING_BURRY CUTING,
2W FRAME,K3VA BRKT COMP R/L PILLION,ROBOT WELDING,FD-V6
2W FRAME,K3VA BRKT COMP R/L PILLION,CONVEYOR,
2W FRAME,K3VA BRKT COMP R/L PILLION,CONVEYOR,
2W FRAME,K3VA BRKT COMP R/L PILLION,ROBOT WELDING,FD-V6
2W FRAME,K3VA BRKT COMP R/L PILLION,ROBOT WELDING,FD-V6
2W FRAME,K3VA BRKT COMP R/L PILLION,BUFFING,
2W FRAME,K3VA BRKT COMP R/L PILLION,DRILLING,120
2W FRAME,K3VA BRKT COMP R/L PILLION,MIG WELDING,XD350SII
2W FRAME,K3VA PIPE COMP LUGGAGE BOX,ROBOT WELDING,TM1400 GIII
2W FRAME,K3VA PIPE COMP LUGGAGE BOX,DRILLING,120
2W FRAME,K3VA PIPE COMP LUGGAGE BOX,MIG WELDING,
2W FRAME,K3VA PIPE COMP LUGGAGE BOX,MIG WELDING,XD350SII
2W FRAME,K3VA PIPE COMP STRG HEAD,ROBOT WELDING,FD-B6
2W FRAME,K3VA PIPE COMP STRG HEAD,ROBOT WELDING,FD-B6
2W FRAME,K3VA BRKT COMP SIDE STAND,ROBOT WELDING,FD-B6
2W FRAME,K3VA BRKT COMP SIDE STAND,MIG WELDING,XD350SII
2W FRAME,LA1A LINK ENG HANGER K1AA,ROBOT WELDING,FD-B6
2W FRAME,LA1A LINK ENG HANGER K1AA,ROBOT WELDING,FD-B6
2W FRAME,LA1A LINK ENG HANGER K1AA,ROBOT WELDING,FD-B6
2W FRAME,LA1A LINK ENG HANGER K1AA,ROBOT WELDING,FD-B6
2W FRAME,LA1A LINK ENG HANGER K1AA,ROBOT WELDING,FD-B6
2W FRAME,LA1A LINK ENG HANGER K1AA,ROBOT WELDING,FD-B6
2W FRAME,LA1A LINK ENG HANGER K1AA,ROBOT WELDING,FD-B6
2W FRAME,LA1A LINK ENG HANGER K1AA,ROBOT WELDING,FD-B6
2W FRAME,LA1A LINK ENG HANGER K1AA,MIG WELDING,
2W FRAME,LA1A LINK ENG HANGER K1AA,BORING,
2W FRAME,LA1A LINK ENG HANGER K1AA,BORING,
2W FRAME,LA1A LINK ENG HANGER K1AA,MIG WELDING,XD-350S
2W FRAME,K3VA BRKT COMP RR CROSS,ROBOT WELDING,FD-B6
2W FRAME,K3VA BRKT COMP RR CROSS,ROBOT WELDING,FD-B6
2W FRAME,K3VA BRKT COMP RR CROSS,ROBOT WELDING,FD-B6
2W FRAME,K3VA BRKT COMP RR CROSS,ROBOT WELDING,FD-B6
2W FRAME,K3VA BRKT COMP RR CROSS,MIG WELDING,XD350SII
2W FRAME,K3VA BRKT COMP RR CROSS,BUFFING,
2W FRAME,Welding TVS / KMI,OVEN 1,
2W FRAME,Welding TVS / KMI,OVEN 2,
2W FRAME,Welding TVS / KMI,ROBOT WELDING,TM-1400 GIII
2W FRAME,Welding TVS / KMI,HORIZONTAL TIG WELD,
2W FRAME,Welding TVS / KMI,CUTTING WHEEL,
2W FRAME,Welding TVS / KMI,ROBOT WELDING,TM-1400 GIII
2W FRAME,Welding TVS / KMI,ROBOT WELDING,AII-V6
2W FRAME,Welding TVS / KMI,MIG WELDING,XD350S
2W FRAME,Welding TVS / KMI,DRILLING,120
2W FRAME,Welding TVS / KMI,BUFFING,
2W FRAME,Welding TVS / KMI,MIG WELDING,XC350
2W FRAME,Welding TVS / KMI,ROTARY WELDING,SINGLE SPINDLE
2W FRAME,Welding TVS / KMI,MESIN PRESS,75 TON
2W FRAME,Welding TVS / KMI,DRILLING,120
2W FRAME,Welding TVS / KMI,BENDING,50TMRE
2W FRAME,Welding TVS / KMI,HIDROLIK PRESS,8 TON
2W FRAME,Welding TVS / KMI,HIDROLIK PRESS,8 TON
2W FRAME,Welding TVS / KMI,HIDROLIK PRESS,
2W FRAME,Welding TVS / KMI,EXPAND PIPE CONE,HORISONTAL
2W FRAME,Welding TVS / KMI,HOIST,500 KG
2W FRAME,Welding TVS / KMI,HIDROLIK PRESS,8 TON
2W FRAME,Welding TVS / KMI,MESIN PRESS,75 TON
2W FRAME,Welding TVS / KMI,DRILING,
2W FRAME,Welding TVS / KMI,CIRCULAR SAW ,FHC 275 SA
2W FRAME,LINE WELDING STEERING HANDLE K18/K84,BLENDER MANUAL,
2W FRAME,LINE WELDING STEERING HANDLE K18/K84,DRILING,
2W FRAME,LINE WELDING STEERING HANDLE K18/K84,BUFFING,
4W HYUNDAI,SU2ID CCB,MIG WELDING,YD-350RX
4W HYUNDAI,SU2ID CCB,ROBOT WELDING,FD-B6
4W HYUNDAI,SU2ID CCB,ROBOT WELDING,FD-B6
4W HYUNDAI,SU2ID CCB,ROBOT WELDING,FD-B6
4W HYUNDAI,SU2ID CCB,ROBOT WELDING,FD-B6
4W HYUNDAI,SU2ID CCB,ROBOT WELDING,FD-B6
4W HYUNDAI,SU2ID CCB,ROBOT WELDING,FD-B6
4W HYUNDAI,SPOT WELDING 2,SPOT WELDING,CVAW00TEC
4W HYUNDAI,SPOT WELDING 2,SPOT WELDING,NDZ-050
4W HYUNDAI,SPOT WELDING 1,SPOT WELDING,NDZ-050
4W HYUNDAI,SPOT WELDING 1,FEEDER,
4W HYUNDAI,SPOT WELDING 1,SPOT WELDING,NDZ-050
4W HYUNDAI,SPOT WELDING 1,SPOT WELDING,NDZ-050
4W HYUNDAI,ASSY ARM COMP FR LWR,HIDROLIK PRESS,A10
4W HYUNDAI,ASSY ARM COMP FR LWR,HIDROLIK PRESS,A20
4W HYUNDAI,ASSY ARM COMP FR LWR,HIDROLIK PRESS,A30
4W HYUNDAI,ASSY ARM COMP FR LWR,HIDROLIK PRESS,A40
4W HYUNDAI,ARM COMP FR LWR,PNEUMATIC PRESS/CHAMPERING,
4W HYUNDAI,ARM COMP FR LWR,ROBOT WELDING,FD-B6
4W HYUNDAI,ARM COMP FR LWR,ROBOT WELDING,FD-B6
4W HYUNDAI,ARM COMP FR LWR,ROBOT WELDING,FD-B6
4W HYUNDAI,ARM COMP FR LWR,MARKING,MK100
4W HYUNDAI,ARM COMP FR LWR,ROBOT WELDING,FD-B6
4W HYUNDAI,KS CCB,MIG WELDING,CPVE-400
4W HYUNDAI,KS CCB,ROBOT WELDING,FD-B6
4W HYUNDAI,KS CCB,ROBOT WELDING,FD-B6
4W HYUNDAI,KS CCB,ROBOT WELDING,FD-B6
4W HYUNDAI,KS CCB,ROBOT WELDING,FD-B6
4W HYUNDAI,KS CCB,ROBOT WELDING,FD-B6
4W HYUNDAI,KS CCB,ROBOT WELDING,FD-B6
4W HYUNDAI,KS CCB,ROBOT WELDING,FD-B6
4W HYUNDAI,ASSY RR CTBA,MILLING,
4W HYUNDAI,ASSY RR CTBA,MILLING,
4W HYUNDAI,ASSY RR CTBA,HOIST,500KG
4W HYUNDAI,KS RR CTBA MAIN ASSY,MIG WELDING,XD-350S
4W HYUNDAI,KS RR CTBA MAIN ASSY,ROBOT WELDING,FD-B6
4W HYUNDAI,KS RR CTBA MAIN ASSY,ROBOT WELDING,FD-B6
4W HYUNDAI,KS RR CTBA MAIN ASSY,ROBOT WELDING,FD-B6
4W HYUNDAI,KS RR CTBA MAIN ASSY,ROBOT WELDING,FD-B6
4W HYUNDAI,KS RR CTBA MAIN ASSY,ROBOT WELDING,FD-B6
4W HYUNDAI,KS RR CTBA MAIN ASSY,ROBOT WELDING,FD-B6
4W HYUNDAI,KS RR CTBA MAIN ASSY,ROBOT WELDING,FD-B6
4W HYUNDAI,KS RR CTBA MAIN ASSY,ROBOT WELDING,FD-B6
4W HYUNDAI,SU2ID RR CTBA MAIN ASSY,MIG WELDING,XD350S
4W HYUNDAI,SU2ID RR CTBA MAIN ASSY,ROBOT WELDING,FD-B6
4W HYUNDAI,SU2ID RR CTBA MAIN ASSY,ROBOT WELDING,FD-B6
4W HYUNDAI,SU2ID RR CTBA MAIN ASSY,ROBOT WELDING,FD-B6
4W HYUNDAI,SU2ID RR CTBA MAIN ASSY,ROBOT WELDING,FD-B6
4W HYUNDAI,SU2ID RR CTBA MAIN ASSY,ROBOT WELDING,FD-B6
4W HYUNDAI,SU2ID RR CTBA MAIN ASSY,ROBOT WELDING,FD-B6
4W HYUNDAI,SU2ID RR CTBA MAIN ASSY,ROBOT WELDING,FD-B6
4W HYUNDAI,SU2ID RR CTBA MAIN ASSY,ROBOT WELDING,FD-B6
4W HYUNDAI,KS MAC MAIN ASSY,MIG WELDING,XD350S
4W HYUNDAI,KS MAC MAIN ASSY,ROBOT WELDING,FD-B6
4W HYUNDAI,KS MAC MAIN ASSY,ROBOT WELDING,FD-B6
4W HYUNDAI,KS MAC MAIN ASSY,ROBOT WELDING,FD-B6
4W HYUNDAI,KS MAC MAIN ASSY,ROBOT WELDING,FD-B6
4W HYUNDAI,KS MAC MAIN ASSY,ROBOT WELDING,FD-B6
4W HYUNDAI,KS MAC MAIN ASSY,ROBOT WELDING,FD-B6
4W HYUNDAI,KS MAC MAIN ASSY,ROBOT WELDING,FD-B6
4W HYUNDAI,KS MAC MAIN ASSY,ROBOT WELDING,FD-B6
4W HYUNDAI,KS MAC MAIN ASSY,ROBOT WELDING,FD-B6
4W HYUNDAI,KS MAC MAIN ASSY,ROBOT WELDING,FD-B6
4W HYUNDAI,SU2ID MAC MAIN ASSY,MIG WELDING,XD350S
4W HYUNDAI,SU2ID MAC MAIN ASSY,ROBOT WELDING,FD-B6
4W HYUNDAI,SU2ID MAC MAIN ASSY,ROBOT WELDING,FD-B6
4W HYUNDAI,SU2ID MAC MAIN ASSY,ROBOT WELDING,FD-B6
4W HYUNDAI,SU2ID MAC MAIN ASSY,ROBOT WELDING,FD-B6
4W HYUNDAI,SU2ID MAC MAIN ASSY,ROBOT WELDING,FD-B6
4W HYUNDAI,SU2ID MAC MAIN ASSY,ROBOT WELDING,FD-B6
4W HYUNDAI,SU2ID MAC MAIN ASSY,ROBOT WELDING,FD-B6
4W HYUNDAI,SU2ID MAC MAIN ASSY,ROBOT WELDING,FD-B6
4W HYUNDAI,SU2ID MAC MAIN ASSY,ROBOT WELDING,FD-B6
4W HYUNDAI,SU2ID MAC MAIN ASSY,ROBOT WELDING,FD-B6
4W HYUNDAI,KS/SU2ID MAC SA-2,ROBOT WELDING,AR2010
4W HYUNDAI,KS/SU2ID MAC SA-2,ROBOT WELDING,AR1440
4W HYUNDAI,KS/SU2ID MAC SA-2,ROBOT WELDING,AR1440
4W HYUNDAI,KS/SU2ID MAC SA-2,ROBOT WELDING,AR1440
4W HYUNDAI,KS/SU2ID MAC SA-1,ROBOT WELDING,FD-B6
4W HYUNDAI,KS/SU2ID MAC SA-1,ROBOT WELDING,AR1440
4W HYUNDAI,KS/SU2ID MAC SA-1,ROBOT WELDING,AR1440
4W HYUNDAI,KS/SU2ID MAC SA-1,ROBOT WELDING,AR1440
4W HYUNDAI,KS/SU2ID RR CTBA SA-2,ROBOT WELDING,AR1440
4W HYUNDAI,KS/SU2ID RR CTBA SA-2,ROBOT WELDING,AR1440
4W HYUNDAI,KS/SU2ID RR CTBA SA-2,ROBOT WELDING,AR1440
4W HYUNDAI,KS/SU2ID RR CTBA SA-1,ROBOT WELDING,FD-B6L
4W HYUNDAI,KS/SU2ID RR CTBA SA-1,ROBOT WELDING,FD-B6L
4W HYUNDAI,KS/SU2ID RR CTBA SA-1,ROBOT WELDING,FD-B6
4W HYUNDAI,KS/SU2ID RR CTBA SA-1,ROBOT WELDING,FD-B6
4W HYUNDAI,KS/SU2ID RR CTBA SA-1,ROBOT WELDING,FD-B6
4W HYUNDAI,KS/SU2ID RR CTBA SA-1,ROBOT WELDING,FD-B6
4W HYUNDAI,TRIAL ENGGINEERING,ROBOT WELDING,FD-B6
4W HYUNDAI,TRIAL ENGGINEERING,ROBOT WELDING,FD-B6
4W HYUNDAI,TRIAL ENGGINEERING,ROBOT WELDING,FD-B6
4W HYUNDAI,TRIAL ENGGINEERING,ROBOT WELDING,FD-B6
4W HYUNDAI,TRIAL ENGGINEERING,ROBOT WELDING,FD-B6
4W HYUNDAI,TRIAL ENGGINEERING,ROBOT WELDING,FD-B6
4W HYUNDAI,SUPPORT CED 1,LEAKTEST,
4W HYUNDAI,SUPPORT CED 1,SPOT WELDING,
4W HYUNDAI,SUPPORT CED 1,TORSI,
4W HYUNDAI,STAMPING,MESIN PRESS,1000T
4W HYUNDAI,STAMPING,ROBOT HANDLING,YR-ES0165D
4W HYUNDAI,STAMPING,ROBOT HANDLING,YR-ES0165D
4W HYUNDAI,STAMPING,MESIN PRESS,800T
4W HYUNDAI,STAMPING,ROBOT HANDLING,YR-ES0165D
4W HYUNDAI,STAMPING,ROBOT HANDLING,YR-ES0165D
4W HYUNDAI,STAMPING,ROBOT HANDLING,YR-ES0165D
4W HYUNDAI,STAMPING,MESIN PRESS,600T
4W HYUNDAI,STAMPING,MESIN PRESS,500T
4W HYUNDAI,STAMPING,ROBOT HANDLING,YR-ES0165D
4W HYUNDAI,STAMPING,MESIN PRESS,500T
4W HYUNDAI,STAMPING,ROBOT HANDLING,YR-ES0165D
4W HYUNDAI,STAMPING,ROBOT HANDLING,YR-ES0165D
4W HYUNDAI,STAMPING,HOIST,
4W HYUNDAI,STAMPING,CONVEYOR UNLOADING,
4W HYUNDAI,WORKSHOP HYUNDAI,MIG WELDING,
4W HYUNDAI,WORKSHOP HYUNDAI,GRINDING,
4W HYUNDAI,WORKSHOP HYUNDAI,BUBUT,
4W HYUNDAI,CONVEYOR,CONVEYOR SCRAP,
UTILITY,4W STAMPING OTHERS,AIR DRYER,
UTILITY,4W STAMPING OTHERS,AIR DRYER,
UTILITY,4W STAMPING OTHERS,AIR DRYER,
UTILITY,4W MTC,AIR DRYER,
UTILITY,4W MTC,AIR DRYER,
UTILITY,4W TOYOTA,AIR DRYER,
UTILITY,4W TOYOTA,AIR DRYER,
UTILITY,4W TOYOTA,AIR DRYER,
UTILITY,4W HYUNDAI,AIR DRYER,
UTILITY,CED 3,AIR DRYER,
UTILITY,4W HYUNDAI,BLOWER,
UTILITY,4W HYUNDAI,BLOWER,
UTILITY,4W HYUNDAI,BLOWER,
UTILITY,4W HYUNDAI,BLOWER,
UTILITY,4W HYUNDAI,BLOWER,
UTILITY,4W HYUNDAI,BLOWER,
UTILITY,4W TOYOTA,BLOWER,
UTILITY,4W TOYOTA,BLOWER,
UTILITY,4W TOYOTA,BLOWER,
UTILITY,4W ADM,BLOWER,
UTILITY,4W ADM,BLOWER,
UTILITY,4W HPM,BLOWER,
UTILITY,4W HPM,BLOWER,
UTILITY,2W MUFFLER,BLOWER,
UTILITY,2W MUFFLER,BLOWER,
UTILITY,2W MUFFLER,BLOWER,
UTILITY,2W MUFFLER,BLOWER,
UTILITY,2W MUFFLER,BLOWER,
UTILITY,2W MUFFLER,BLOWER,
UTILITY,2W FRAME,BLOWER,
UTILITY,2W FRAME,BLOWER,
UTILITY,2W FRAME,BLOWER,
UTILITY,2W FRAME,BLOWER,
UTILITY,2W FRAME,BLOWER,
UTILITY,2W FRAME,BLOWER,
UTILITY,2W FRAME,BLOWER,
UTILITY,2W FRAME,BLOWER,
UTILITY,2W FRAME,BLOWER,
UTILITY,2W FRAME,BLOWER,
UTILITY,2W FRAME,BLOWER,
UTILITY,2W FRAME,BLOWER,
UTILITY,2W FRAME,BLOWER,
UTILITY,2W FRAME,BLOWER,
UTILITY,2W MUFFLER,BIG FAN,
UTILITY,2W MUFFLER,BIG FAN,
UTILITY,2W MUFFLER,BIG FAN,
UTILITY,2W MUFFLER,BIG FAN,
UTILITY,2W FRAME,BIG FAN,
UTILITY,2W FRAME,BIG FAN,
UTILITY,2W FRAME,BIG FAN,
UTILITY,2W FRAME,BIG FAN,
UTILITY,2W FRAME,BIG FAN,
UTILITY,2W FRAME,BIG FAN,
UTILITY,2W FRAME,BIG FAN,
UTILITY,2W FRAME,BIG FAN,
UTILITY,2W FRAME,BIG FAN,
UTILITY,2W FRAME,BIG FAN,
UTILITY,2W FRAME,BIG FAN,
UTILITY,2W FRAME,BIG FAN,
UTILITY,2W FRAME,BIG FAN,
UTILITY,2W FRAME,BIG FAN,
UTILITY,2W FRAME,BIG FAN,
UTILITY,2W FRAME,BIG FAN,
UTILITY,2W FRAME,BIG FAN,
UTILITY,2W FRAME,BIG FAN,
UTILITY,2W FRAME,BIG FAN,
UTILITY,2W FRAME,BIG FAN,
UTILITY,2W FRAME,BIG FAN,
UTILITY,2W FRAME,BIG FAN,
UTILITY,2W FRAME,BIG FAN,
UTILITY,2W FRAME,BIG FAN,
UTILITY,2W FRAME,BIG FAN,
UTILITY,2W FRAME,BIG FAN,
UTILITY,2W FRAME,BIG FAN,
UTILITY,2W FRAME,BIG FAN,
UTILITY,2W FRAME,BIG FAN,
UTILITY,2W FRAME,BIG FAN,
UTILITY,2W FRAME,BIG FAN,
UTILITY,2W FRAME,BIG FAN,
UTILITY,4W REGULER (GD B),BIG FAN,
UTILITY,4W REGULER (GD B),BIG FAN,
UTILITY,4W REGULER (GD B),BIG FAN,
UTILITY,4W REGULER (GD B),BIG FAN,
UTILITY,4W REGULER (GD B),BIG FAN,
UTILITY,4W REGULER (GD B),BIG FAN,
UTILITY,4W REGULER (GD B),BIG FAN,
UTILITY,4W REGULER (GD B),BIG FAN,
UTILITY,4W REGULER (GD B),BIG FAN,
UTILITY,4W REGULER (GD B),BIG FAN,
UTILITY,4W REGULER (GD B),BIG FAN,
UTILITY,4W REGULER (ADM&HPM),BIG FAN,
UTILITY,4W REGULER (ADM&HPM),BIG FAN,
UTILITY,4W REGULER (ADM&HPM),BIG FAN,
UTILITY,4W REGULER (ADM&HPM),BIG FAN,
UTILITY,4W REGULER (ADM&HPM),BIG FAN,
UTILITY,4W REGULER (ADM&HPM),BIG FAN,
UTILITY,4W REGULER (ADM&HPM),BIG FAN,
UTILITY,4W REGULER (ADM&HPM),BIG FAN,
UTILITY,4W (STAMPING),BIG FAN,
UTILITY,4W (STAMPING),BIG FAN,
UTILITY,4W (STAMPING),BIG FAN,
UTILITY,4W (STAMPING),BIG FAN,
UTILITY,CED 1&2,BIG FAN,
UTILITY,CED 1&2,BIG FAN,
UTILITY,CED 1&2,BIG FAN,
UTILITY,CED 1&2,BIG FAN,
UTILITY,CED 1&2,BIG FAN,
UTILITY,CED 1&2,BIG FAN,
UTILITY,CED 1&2,BIG FAN,
UTILITY,CED 1&2,BIG FAN,
UTILITY,P3,BIG FAN,
UTILITY,P3,BIG FAN,
UTILITY,P3,BIG FAN,
UTILITY,P3,BIG FAN,
UTILITY,4W TOYOTA,BIG FAN,
UTILITY,4W TOYOTA,BIG FAN,
UTILITY,4W TOYOTA,BIG FAN,
UTILITY,4W TOYOTA,BIG FAN,
UTILITY,4W TOYOTA,BIG FAN,
UTILITY,4W TOYOTA,BIG FAN,
UTILITY,4W TOYOTA,BIG FAN,
UTILITY,4W TOYOTA,BIG FAN,
UTILITY,4W TOYOTA,BIG FAN,
UTILITY,4W TOYOTA,BIG FAN,
UTILITY,4W TOYOTA,BIG FAN,
UTILITY,4W TOYOTA,BIG FAN,
UTILITY,4W TOYOTA,BIG FAN,
UTILITY,4W TOYOTA,BIG FAN,
UTILITY,4W TOYOTA,BIG FAN,
UTILITY,4W TOYOTA,BIG FAN,
UTILITY,4W HYUNDAI,BIG FAN,
UTILITY,4W HYUNDAI,BIG FAN,
UTILITY,4W HYUNDAI,BIG FAN,
UTILITY,4W HYUNDAI,BIG FAN,
UTILITY,4W HYUNDAI,BIG FAN,
UTILITY,4W HYUNDAI,BIG FAN,
UTILITY,4W HYUNDAI,BIG FAN,
UTILITY,4W HYUNDAI,BIG FAN,
UTILITY,4W HYUNDAI,BIG FAN,
UTILITY,4W STAMPING OTHERS,KOMPRESSOR,
UTILITY,4W STAMPING OTHERS,KOMPRESSOR,
UTILITY,4W STAMPING OTHERS,KOMPRESSOR,
UTILITY,4W STAMPING OTHERS,KOMPRESSOR,
UTILITY,4W STAMPING OTHERS,KOMPRESSOR,
UTILITY,4W STAMPING OTHERS,KOMPRESSOR,
UTILITY,4W STAMPING OTHERS,KOMPRESSOR,
UTILITY,4W STAMPING OTHERS,KOMPRESSOR,
UTILITY,4W STAMPING OTHERS,KOMPRESSOR,BS 61
UTILITY,4W STAMPING OTHERS,KOMPRESSOR,BS 61
UTILITY,4W LASSER CUTTING,KOMPRESSOR,
UTILITY,4W LASSER CUTTING,KOMPRESSOR,
UTILITY,4W LASSER CUTTING,KOMPRESSOR,
UTILITY,4W MTC,KOMPRESSOR,
UTILITY,FASTENER,KOMPRESSOR,
UTILITY,FASTENER,KOMPRESSOR,
UTILITY,FASTENER,KOMPRESSOR,
UTILITY,4W HYUNDAI,KOMPRESSOR,
UTILITY,4W HYUNDAI,KOMPRESSOR,
UTILITY,4W HYUNDAI,KOMPRESSOR,
UTILITY,4W TOYOTA,KOMPRESSOR,
UTILITY,4W TOYOTA,KOMPRESSOR,
UTILITY,CED 3,KOMPRESSOR,
UTILITY,2W ,COOLING TOWER,
UTILITY,2W ,COOLING TOWER,
UTILITY,2W,COOLING TOWER,
UTILITY,2W,COOLING TOWER,
UTILITY,4W ADM,COOLING TOWER,
UTILITY,4W ADM,COOLING TOWER,
UTILITY,4W ADM,COOLING TOWER,
UTILITY,4W ADM,COOLING TOWER,
UTILITY,4W ADM,COOLING TOWER,
UTILITY,4W HYUNDAI,COOLING TOWER,
UTILITY,4W HYUNDAI,COOLING TOWER,
UTILITY,4W TOYOTA,COOLING TOWER,
UTILITY,4W TOYOTA,COOLING TOWER,
UTILITY,WORKSHOP MTC,HANDLIFT,
UTILITY,WORKSHOP MTC,SCORLIFT,
UTILITY,ALL,GENSET,
UTILITY,HYDRANT,MOTOR POMPA AIR,
UTILITY,HYDRANT,MOTOR POMPA AIR,
UTILITY,HYDRANT,MOTOR POMPA AIR,
UTILITY,2W MUFFLER,GARDU,
UTILITY,4W,GARDU,
UTILITY,CED PLATING,GARDU,
UTILITY,2W FRAME,GARDU,
UTILITY,FASTENER,GARDU,
UTILITY,CED 3,GARDU,
UTILITY,AZP,GARDU,
UTILITY,4W HYUNDAI,GARDU,
UTILITY,4W TOYOTA,GARDU,
UTILITY,UTAMA (PLN),GARDU,
UTILITY,HYDRANT,MOTOR POMPA HYDRANT,
UTILITY,HYDRANT,MOTOR POMPA HYDRANT,
UTILITY,HYDRANT,MOTOR POMPA HYDRANT,
UTILITY,2W MUFFLER,LOW VOLTAGE MAIN DISTRIBUTION PANEL,
UTILITY,4W ADM,LOW VOLTAGE MAIN DISTRIBUTION PANEL,
"UTILITY,""CED , PLATING"",LOW VOLTAGE MAIN DISTRIBUTION PANEL,"
UTILITY,2W FRAME,LOW VOLTAGE MAIN DISTRIBUTION PANEL,
UTILITY,FASTENER,LOW VOLTAGE MAIN DISTRIBUTION PANEL,
UTILITY,AZP,LOW VOLTAGE MAIN DISTRIBUTION PANEL,
UTILITY,CED 3,LOW VOLTAGE MAIN DISTRIBUTION PANEL,
UTILITY,4W HYUNDAI,LOW VOLTAGE MAIN DISTRIBUTION PANEL,
UTILITY,4W TOYOTA,LOW VOLTAGE MAIN DISTRIBUTION PANEL,
FINISHING,PAINTING 1,PAINTING 1,
FINISHING,PAINTING 3,PAINTING 3,
FINISHING,SHOOTBLAST,SHOOTBLAST 2,
FINISHING,SHOOTBLAST,SHOOTBLAST 1,
FINISHING,SHOOTBLAST,SHOOTBLAST 3,
FINISHING,SHOOTBLAST,SHOOTBLAST 4,
FINISHING,SHOOTBLAST,SHOOTBLAST 5,
FINISHING,CED 1,CED 1,
FINISHING,CED 2,CED 2,
FINISHING,CED 3,CED 3,
FINISHING,PLATING NICR A,PLATING NICR A,
FINISHING,PLATING NICR B,PLATING NICR B,
FINISHING,AZP 1,AZP 1,
FINISHING,AZP 2,AZP 2,
FINISHING,TREATMENT,TREATMENT,
FINISHING,ASSY FINISHING,DRILLING,120
FINISHING,ASSY FINISHING,DRILLING,120
FINISHING,ASSY FINISHING,HIDROLIK PRESS,8 TON
FINISHING,ASSY FINISHING,HIDROLIK PRESS,8 TON
FINISHING,ASSY FINISHING,HIDROLIK PRESS,8 TON
FINISHING,ASSY FINISHING,HIDROLIK PRESS,8 TON
FINISHING,ASSY FINISHING,HIDROLIK PRESS,8 TON
FINISHING,ASSY FINISHING,HIDROLIK PRESS,8 TON
FINISHING,ASSY FINISHING,HIDROLIK PRESS,8 TON
FINISHING,ASSY FINISHING,HIDROLIK PRESS,8 TON
FINISHING,ASSY FINISHING,HIDROLIK PRESS,8 TON
FINISHING,ASSY FINISHING,PNEUMATIC PRESS,
FINISHING,ASSY FINISHING,RIVETING,
FINISHING,PLASTISOL,PLASTISOL,
FINISHING,WWT,WWT,
FINISHING,WWT,WWT,
FINISHING,WWT,WWT,
4W REGULER,SPOT GUNTRY SUZUKI,SPOT GUNTRY,
4W TOYOTA, SPOT  560B ,SPOT WELDING,100 4A BSA GE
4W TOYOTA, SPOT  560B ,ROBOT HANDLING,SRA 166-01
4W TOYOTA,WELDING 560 B LHD,ROBOT WELDING,FD B6
4W TOYOTA,WELDING 560 B LHD,MIG WELDING,
4W TOYOTA,WELDING 560 B RHD,ROBOT WELDING,FD B6
4W TOYOTA,RETAPPING,HOIST,
4W TOYOTA,PP MEMBER S/A,ROBOT WELDING,FD B6
4W TOYOTA,STAMPING,CRANE HOIST,20 TON
4W TOYOTA,STAMPING,MESIN PRESS,1000 T
4W TOYOTA,STAMPING,MESIN PRESS,500 T
4W TOYOTA,STAMPING,MESIN PRESS,500 T
4W TOYOTA,STAMPING,MESIN PRESS,500 T
4W TOYOTA,STAMPING,MESIN PRESS,600 T
4W TOYOTA,STAMPING,CONVEYOR UNLOADING 1 AIDA,
4W TOYOTA,STAMPING,CONVEYOR SCRAP STAMPING,
4W TOYOTA,STAMPING,CONVEYOR SCRAP AIDA,
4W TOYOTA,STAMPING,CONVEYOR UNLOADING STAMPING KOMATSU,
4W TOYOTA,STAMPING,FEEDER AIDA,
4W TOYOTA,STAMPING,ROBOT HANDLING,R2000IC
4W TOYOTA,STAMPING,ROBOT HANDLING,R2000IC
4W TOYOTA,STAMPING,ROBOT HANDLING,R2000IC
4W TOYOTA,STAMPING,ROBOT HANDLING,R2000IC
4W TOYOTA,STAMPING,ROBOT HANDLING,R2000IC
4W TOYOTA,STAMPING,ROBOT HANDLING,R2000IC
4W TOYOTA,SPOT WELDING,FEEDER 1,
4W TOYOTA,SPOT WELDING,FEEDER 2,
4W TOYOTA,SPOT WELDING,FEEDER 3,
4W TOYOTA,SPOT WELDING,FEEDER 4,
4W TOYOTA,SPOT WELDING,FEEDER 5,
4W TOYOTA,SPOT WELDING,FEEDER 6,
4W TOYOTA,SPOT WELDING,FEEDER 7,
4W TOYOTA,SPOT WELDING,FEEDER 8,
4W TOYOTA,SPOT WELDING,FEEDER 9,
4W TOYOTA,SPOT WELDING,SPOT WELDING,NDZ-050-46BSA-G-E
4W TOYOTA,SPOT WELDING,SPOT WELDING,NDZ-050-46BSA-G-E
4W TOYOTA,SPOT WELDING,SPOT WELDING,NDZ-050-46BSA-G-E
4W TOYOTA,SPOT WELDING,SPOT WELDING,NDZ-050-46BSA-G-E
4W TOYOTA,SPOT WELDING,SPOT WELDING,NDZ-050-46BSA-G-E
4W TOYOTA,SPOT WELDING,SPOT WELDING,NDZ-050-46BSA-G-E
4W TOYOTA,ROCKER OUTER,ROBOT SPOT,SRA 166-01-FD11
4W TOYOTA,SUPPORT S/A RADIATOR LOWER,ROBOT SPOT,SRA 166-01-FD11
4W TOYOTA,SUPPORT S/A RADIATOR LOWER,ROBOT SPOT,SRA 166-01-FD11
4W TOYOTA,ROCKER OUTER,ROBOT SPOT,SRA 166-01-FD11
4W TOYOTA,S/A MAIN FLOOR,ROBOT SPOT,SRA 166-01-FD11
4W TOYOTA,S/A MAIN FLOOR,ROBOT SPOT,SRA 166-01-FD11
4W TOYOTA,PP MEMBER G/A,ROBOT WELDING,FD-B6
4W TOYOTA,PP MEMBER G/A,ROBOT WELDING,FD-B6
4W TOYOTA,PP MEMBER G/A,ROBOT WELDING,FD-B6
4W TOYOTA,PP MEMBER G/A,ROBOT WELDING,FD-B6
4W TOYOTA,PP MEMBER G/A,ROBOT WELDING,FD-B6
4W TOYOTA,PP MEMBER G/A,MIG WELDING,XC350
4W TOYOTA,CSA-D03,ROBOT WELDING,
4W TOYOTA,CSA-D03,ROBOT WELDING,
4W TOYOTA,CSA-D03,ROBOT WELDING,AR1440
4W TOYOTA,SPOT WELDING,SPOT WELDING,NUT WELDER
4W TOYOTA,DIESHOP-D03,TIG WELDING,
4W TOYOTA,GA-D03,BRUSHING,
4W TOYOTA,GA-D03,BRUSHING,
4W TOYOTA,GA-D03,MIG WELDING,
4W TOYOTA,GA-D03,ROBOT WELDING,AR1440
4W TOYOTA,GA-D03,ROBOT WELDING,AR1440
4W TOYOTA,GA-D03,ROBOT WELDING,AR1440
4W TOYOTA,GA-D03,ROBOT WELDING,AR1440
4W TOYOTA,GA-D03,ROBOT HANDLING/SPOT,GP180
4W TOYOTA,GA-D03,ROBOT HANDLING/SPOT,GP180
4W TOYOTA,GA-D03,ROBOT HANDLING/SPOT,GP180
4W TOYOTA,CONVEYOR,CONVEYOR,
TOTAL MESIN,1449,,
,,,
,,,
,,,
,,,
,,,
,,,
,,,
,,,
,,,
,,,
,,,
,,,
,,,
,,,
,,,
,,,
,,,
,,,
,,,
,,,
,,,
,,,
,,,
,,,
,,,
,,,
,,,
,,,
,,,
,,,
,,,
,,,
,,,
,,,
,,,
,,,
,,,
,,,
,,,
,,,
,,,
,,,
,,,
,,,
,,,
,,,
,,,
,,,
,,,
,,,
,,,
,,,
,,,
,,,
,,,
,,,
,,,
,,,
,,,
,,,
,,,
,,,
,,,
,,,
,,,
,,,
,ADM D26 G-PART,80,CHILLER
,ADM D26 PP MBR,81,THERMAL OIL HEATER
,ADM D26 ROBOT SPOT,82,PAINTING 1
,ADM D26 SPOT MANUAL,83,PAINTING 3
,ADM D40L G-PART,84,CED 1
,ADM PP MEMBER D40/72,85,CED 2
,ADM PP MEMBER D40/72 ,86,CED 3
,ADM PP MEMBER D55,87,PLATING NICR A
,ADM PUNCHING,88,PLATING NICR B
",""LINE SPOT PP MEMBER D26,D14,D74"",89,AZP 1"
,ADM SPOT WELDING G-PART,90,AZP 2
,ADM WELDING APRON D17&D14,91,TREATMENT
",""LINE SPOT PP MEMBER D30,D40,D55"",92,WWT"
,ADM WELDING G-PART D30,Total,
,ADM WELDING PP MEMBER D14,,
,ADM WELDING PP MEMBER D30,,
,ADM WELDING RADIATOR LOWER,95,
,ASSY HOOD LOCK,96,
,BIG PRESS-GPART,97,
,STAMPING OTHERS,98,
,BUDOMARI,,
,DIESHOP,,
,HPM T86 PP MBR,AUTO PUNCHING,
,SUZUKI Y4L,FEEDER,
,ADM TE7X ASSY HOOD LOCK,CLINCHING,
,HPM WELDING SUB / ASSY,FINAL CHECKER,
,INSULATOR HEAT,FEEDER + COIL CAR CF 300,
,LASER CUTTING,MILLING,
,MKM,BENCHSAW,
,MULTI DRILING,DRILLINGMILLING,
,STAMPING BLANKING,LATHE,
,STAMPING OTHER,SURFACE GRIND,
",""LOCK ASSY HOOD T86,3M0A,3K6A"",RADIAL GRINDING,"
,STAMPING SEYI BARU,DRILING,
,SPOT NUT WELD HPM-SUZUKI,PRESS RIVETING,
,SUZUKI COMP STEERING SUPPORT,HIDROLIK PRESS,
,SUZUKI CROSS MEMBER COMP SPARE TIRE,LASER CUTTING,
,SUZUKI CROSS MEMBER COMP TAIL,BENDING,
,SUZUKI MEMBER LEAF HANGER,DRILLING,
,SUZUKI SPOT WELDING YHA PANEL COMP,AUTO DRILLING,
,ADM WELDING PPM ADM D74,FEEDER + COIL CAR AIDA 250,
